/*
SQLyog Ultimate v12.08 (32 bit)
MySQL - 10.0.19-MariaDB-1~trusty-log : Database - phasty
*********************************************************************
*/

/*!40101 SET NAMES utf8 */;

/*!40101 SET SQL_MODE=''*/;

/*!40014 SET @OLD_UNIQUE_CHECKS=@@UNIQUE_CHECKS, UNIQUE_CHECKS=0 */;
/*!40014 SET @OLD_FOREIGN_KEY_CHECKS=@@FOREIGN_KEY_CHECKS, FOREIGN_KEY_CHECKS=0 */;
/*!40101 SET @OLD_SQL_MODE=@@SQL_MODE, SQL_MODE='NO_AUTO_VALUE_ON_ZERO' */;
/*!40111 SET @OLD_SQL_NOTES=@@SQL_NOTES, SQL_NOTES=0 */;
CREATE DATABASE /*!32312 IF NOT EXISTS*/`phasty` /*!40100 DEFAULT CHARACTER SET utf8 COLLATE utf8_unicode_ci */;

USE `phasty`;

/*Table structure for table `brands` */

DROP TABLE IF EXISTS `brands`;

CREATE TABLE `brands` (
  `id` int(11) unsigned NOT NULL AUTO_INCREMENT,
  `name` varchar(255) COLLATE utf8_bin NOT NULL,
  `description` varchar(255) COLLATE utf8_bin DEFAULT NULL,
  `seoTitle` varchar(255) COLLATE utf8_bin DEFAULT NULL,
  `seoKeywords` varchar(255) COLLATE utf8_bin DEFAULT NULL,
  `seoDescription` varchar(255) COLLATE utf8_bin DEFAULT NULL,
  PRIMARY KEY (`id`)
) ENGINE=InnoDB AUTO_INCREMENT=51 DEFAULT CHARSET=utf8 COLLATE=utf8_bin;

/*Data for the table `brands` */

insert  into `brands`(`id`,`name`,`description`,`seoTitle`,`seoKeywords`,`seoDescription`) values (1,'Asus','','',NULL,NULL),(2,'Samsung',NULL,NULL,NULL,NULL),(3,'Sony',NULL,NULL,NULL,NULL),(4,'AOC',NULL,NULL,NULL,NULL),(5,'Acer',NULL,NULL,NULL,NULL),(6,'BenQ',NULL,NULL,NULL,NULL),(8,'DELL',NULL,NULL,NULL,NULL),(9,'HP',NULL,NULL,NULL,NULL),(10,'Iiyama',NULL,NULL,NULL,NULL),(11,'LG',NULL,NULL,NULL,NULL),(12,'Philips',NULL,NULL,NULL,NULL),(13,'NEC',NULL,NULL,NULL,NULL),(14,'Viewsonic',NULL,NULL,NULL,NULL),(15,'Kingston',NULL,NULL,NULL,NULL),(16,'Western Digital',NULL,NULL,NULL,NULL),(17,'Apple',NULL,NULL,NULL,NULL),(18,'eMachines',NULL,NULL,NULL,NULL),(19,'Lenovo',NULL,NULL,NULL,NULL),(20,'Alienware',NULL,NULL,NULL,NULL),(21,'Fujitsu',NULL,NULL,NULL,NULL),(22,'Packard Bell',NULL,NULL,NULL,NULL),(23,'Neovo',NULL,NULL,NULL,NULL),(24,'Neovo',NULL,NULL,NULL,NULL),(25,'Eizo',NULL,NULL,NULL,NULL),(26,'Zalman','dsfasd',NULL,NULL,NULL),(27,'Hanns.G',NULL,NULL,NULL,NULL),(28,'OrigenAE',NULL,NULL,NULL,NULL),(29,'Elo TouchSystems',NULL,NULL,NULL,NULL),(30,'3M',NULL,NULL,NULL,NULL),(31,'Xerox',NULL,NULL,NULL,NULL),(32,'Belinea',NULL,NULL,NULL,NULL),(33,'JVC',NULL,NULL,NULL,NULL),(34,'Topview',NULL,NULL,NULL,NULL),(35,'Topview',NULL,NULL,NULL,NULL),(36,'Lilliput Electronics',NULL,NULL,NULL,NULL),(37,'Lacie',NULL,NULL,NULL,NULL),(38,'WACOM',NULL,NULL,NULL,NULL),(39,'Envision',NULL,NULL,NULL,NULL),(40,'Fujitsu-Siemens',NULL,NULL,NULL,NULL),(41,'Proview',NULL,NULL,NULL,NULL),(42,'HKC',NULL,NULL,NULL,NULL),(43,'Hyundai',NULL,NULL,NULL,NULL),(44,'Hyundai',NULL,NULL,NULL,NULL),(45,'DNS',NULL,NULL,NULL,NULL),(46,'Prestigio',NULL,NULL,NULL,NULL),(47,'Toshiba',NULL,NULL,NULL,NULL),(48,'Aquarius',NULL,NULL,NULL,NULL),(49,'I-O Data',NULL,NULL,NULL,NULL),(50,'11111111111','edited edited','asdfsad','asdfa','asdf');

/*Table structure for table `categories` */

DROP TABLE IF EXISTS `categories`;

CREATE TABLE `categories` (
  `id` int(11) unsigned NOT NULL AUTO_INCREMENT,
  `slug` varchar(100) COLLATE utf8_unicode_ci DEFAULT NULL,
  `title` varchar(255) COLLATE utf8_unicode_ci DEFAULT NULL,
  `lft` int(11) unsigned DEFAULT NULL,
  `rgt` int(11) unsigned DEFAULT NULL,
  `depth` int(11) unsigned DEFAULT NULL,
  PRIMARY KEY (`id`),
  UNIQUE KEY `slug` (`slug`),
  KEY `lft` (`lft`),
  KEY `rgt` (`rgt`),
  KEY `depth` (`depth`)
) ENGINE=InnoDB AUTO_INCREMENT=18 DEFAULT CHARSET=utf8 COLLATE=utf8_unicode_ci;

/*Data for the table `categories` */

insert  into `categories`(`id`,`slug`,`title`,`lft`,`rgt`,`depth`) values (1,'categories','All Products',1,26,0),(2,'hard-drives','Hard drives',10,15,1),(4,'motherboards','Motherboards',16,25,1),(7,'ssd-hard-drives','SSD hard drives',11,14,2),(11,'chip-motherboards','Chip Motherboards',17,24,2),(13,'ssd-hard-drives-with-cool-futeres','SSD hard drives with cool futeres',12,13,3),(14,'monitors','Monitors',6,9,1),(15,'lcd-monitors','LCD Monitors',7,8,2),(16,'computers','Computers',2,5,1),(17,'computers-compnents','Computers compnents',3,4,2);

/*Table structure for table `currencies` */

DROP TABLE IF EXISTS `currencies`;

CREATE TABLE `currencies` (
  `id` int(11) unsigned NOT NULL AUTO_INCREMENT,
  `name` varchar(3) COLLATE utf8_unicode_ci NOT NULL,
  `rate` decimal(10,5) NOT NULL,
  `createdAt` datetime NOT NULL,
  `updatedAt` datetime NOT NULL,
  PRIMARY KEY (`id`)
) ENGINE=InnoDB AUTO_INCREMENT=6 DEFAULT CHARSET=utf8 COLLATE=utf8_unicode_ci;

/*Data for the table `currencies` */

insert  into `currencies`(`id`,`name`,`rate`,`createdAt`,`updatedAt`) values (1,'EUR','1.00000','2014-08-01 18:31:48','2014-04-19 18:31:48'),(2,'USD','1.30000','2014-08-01 18:31:48','2014-04-19 18:31:48'),(3,'GBP','0.85000','2014-08-01 18:31:48','2014-03-19 18:31:48'),(4,'RUB','80.46300','2014-10-01 13:35:49','2014-05-22 13:35:53'),(5,'BYR','14000.00000','2014-04-10 17:44:15','2015-05-19 18:31:28');

/*Table structure for table `deliveries` */

DROP TABLE IF EXISTS `deliveries`;

CREATE TABLE `deliveries` (
  `id` int(11) unsigned NOT NULL AUTO_INCREMENT,
  `name` varchar(255) COLLATE utf8_unicode_ci NOT NULL,
  `price` int(11) NOT NULL DEFAULT '0',
  `freeFrom` int(11) NOT NULL DEFAULT '0',
  `position` smallint(6) NOT NULL DEFAULT '0',
  `active` enum('Y','N') COLLATE utf8_unicode_ci NOT NULL DEFAULT 'Y',
  PRIMARY KEY (`id`),
  KEY `position` (`position`)
) ENGINE=InnoDB AUTO_INCREMENT=6 DEFAULT CHARSET=utf8 COLLATE=utf8_unicode_ci;

/*Data for the table `deliveries` */

insert  into `deliveries`(`id`,`name`,`price`,`freeFrom`,`position`,`active`) values (1,'Delivery by courier',100,2000,1,'Y'),(2,'Customer pickup',0,0,2,'Y'),(3,'Delivery by post mail',500,7000,3,'Y'),(4,'Delivery on ISS',3243,234532,234,'Y'),(5,'Тестовая',54,54,6,'Y');

/*Table structure for table `delivery_payment` */

DROP TABLE IF EXISTS `delivery_payment`;

CREATE TABLE `delivery_payment` (
  `id` int(11) unsigned NOT NULL AUTO_INCREMENT,
  `deliveryId` int(11) unsigned NOT NULL,
  `paymentId` int(11) unsigned NOT NULL,
  PRIMARY KEY (`id`),
  KEY `delivery_id` (`deliveryId`),
  KEY `payment_id` (`paymentId`),
  CONSTRAINT `delivery_payment_ibfk_1` FOREIGN KEY (`deliveryId`) REFERENCES `deliveries` (`id`) ON DELETE CASCADE ON UPDATE NO ACTION,
  CONSTRAINT `delivery_payment_ibfk_2` FOREIGN KEY (`paymentId`) REFERENCES `payments` (`id`) ON DELETE CASCADE ON UPDATE NO ACTION
) ENGINE=InnoDB AUTO_INCREMENT=71 DEFAULT CHARSET=utf8 COLLATE=utf8_bin COMMENT='Saves relations between delivery and payment methods ';

/*Data for the table `delivery_payment` */

insert  into `delivery_payment`(`id`,`deliveryId`,`paymentId`) values (53,2,1),(54,2,2),(55,3,3),(56,3,1),(57,3,2),(58,3,5),(59,1,1),(60,1,2),(61,1,3),(63,1,5),(66,4,3),(67,4,4),(68,4,5),(69,5,2),(70,5,5);

/*Table structure for table `discount_brand` */

DROP TABLE IF EXISTS `discount_brand`;

CREATE TABLE `discount_brand` (
  `id` int(11) unsigned NOT NULL AUTO_INCREMENT,
  `discountId` int(11) unsigned NOT NULL,
  `brandId` int(11) unsigned NOT NULL,
  PRIMARY KEY (`id`),
  KEY `discount_id` (`discountId`),
  KEY `manufacturer_id` (`brandId`),
  CONSTRAINT `discount_brand_ibfk_1` FOREIGN KEY (`discountId`) REFERENCES `discounts` (`id`) ON DELETE CASCADE ON UPDATE NO ACTION,
  CONSTRAINT `discount_brand_ibfk_2` FOREIGN KEY (`brandId`) REFERENCES `brands` (`id`) ON DELETE CASCADE ON UPDATE NO ACTION
) ENGINE=InnoDB AUTO_INCREMENT=25 DEFAULT CHARSET=utf8 COLLATE=utf8_bin;

/*Data for the table `discount_brand` */

insert  into `discount_brand`(`id`,`discountId`,`brandId`) values (5,2,1),(6,2,2),(7,2,4),(12,1,1),(13,1,13),(14,1,20),(15,1,6),(20,1,24),(21,7,1),(22,7,13),(23,7,20),(24,7,6);

/*Table structure for table `discount_category` */

DROP TABLE IF EXISTS `discount_category`;

CREATE TABLE `discount_category` (
  `id` int(11) unsigned NOT NULL AUTO_INCREMENT,
  `discountId` int(11) unsigned NOT NULL,
  `categoryId` int(11) unsigned NOT NULL,
  PRIMARY KEY (`id`),
  KEY `discount_id` (`discountId`),
  KEY `category_id` (`categoryId`),
  CONSTRAINT `discount_category_ibfk_1` FOREIGN KEY (`discountId`) REFERENCES `discounts` (`id`) ON DELETE CASCADE ON UPDATE NO ACTION,
  CONSTRAINT `discount_category_ibfk_2` FOREIGN KEY (`categoryId`) REFERENCES `categories` (`id`) ON DELETE CASCADE ON UPDATE NO ACTION
) ENGINE=InnoDB AUTO_INCREMENT=28 DEFAULT CHARSET=utf8 COLLATE=utf8_bin;

/*Data for the table `discount_category` */

insert  into `discount_category`(`id`,`discountId`,`categoryId`) values (11,2,17),(12,2,7),(17,4,1),(18,4,2),(19,4,7),(20,4,16),(25,7,2),(26,7,7),(27,7,16);

/*Table structure for table `discounts` */

DROP TABLE IF EXISTS `discounts`;

CREATE TABLE `discounts` (
  `id` int(11) unsigned NOT NULL AUTO_INCREMENT,
  `name` varchar(255) COLLATE utf8_bin NOT NULL,
  `active` enum('Y','N') COLLATE utf8_bin NOT NULL DEFAULT 'Y',
  `sum` varchar(10) COLLATE utf8_bin NOT NULL,
  `startDate` datetime NOT NULL,
  `endDate` datetime NOT NULL,
  PRIMARY KEY (`id`),
  KEY `active` (`active`),
  KEY `start_date` (`startDate`),
  KEY `end_date` (`endDate`)
) ENGINE=InnoDB AUTO_INCREMENT=8 DEFAULT CHARSET=utf8 COLLATE=utf8_bin;

/*Data for the table `discounts` */

insert  into `discounts`(`id`,`name`,`active`,`sum`,`startDate`,`endDate`) values (1,'Скидка на все мониторы Sumsung','Y','15','2014-04-01 12:00:00','2015-07-01 12:00:00'),(2,'Test','Y','30','2014-12-24 21:00:00','2015-02-19 21:00:00'),(3,'Empty','N','15','2014-12-18 21:00:00','2015-02-06 21:00:00'),(4,'temp','Y','24','2015-03-02 21:00:00','2015-03-19 21:00:00'),(7,'Скидка на все','Y','12','2014-04-01 12:00:00','2015-07-01 12:00:00');

/*Table structure for table `ha_login` */

DROP TABLE IF EXISTS `ha_login`;

CREATE TABLE `ha_login` (
  `id` int(11) unsigned NOT NULL AUTO_INCREMENT,
  `userId` int(11) unsigned NOT NULL,
  `loginProvider` varchar(50) CHARACTER SET utf8 NOT NULL,
  `loginProviderIdentifier` varchar(100) CHARACTER SET utf8 NOT NULL,
  PRIMARY KEY (`id`),
  UNIQUE KEY `loginProvider_2` (`loginProvider`,`loginProviderIdentifier`),
  KEY `loginProvider` (`loginProvider`),
  KEY `loginProviderIdentifier` (`loginProviderIdentifier`),
  KEY `userId` (`userId`),
  KEY `id` (`id`)
) ENGINE=InnoDB DEFAULT CHARSET=latin1;

/*Data for the table `ha_login` */

/*Table structure for table `iwi` */

DROP TABLE IF EXISTS `iwi`;

CREATE TABLE `iwi` (
  `key` varchar(40) DEFAULT NULL,
  `value` tinytext,
  UNIQUE KEY `key` (`key`)
) ENGINE=InnoDB DEFAULT CHARSET=latin1;

/*Data for the table `iwi` */

insert  into `iwi`(`key`,`value`) values ('4be1395235f4476f34fede05361d6e25','[310,480,66489,1432793532,\"\\/var\\/www\\/phasty\\/public\\/img\\/products\\/31\\/X5Aq.jpg\"]'),('9e248d3327bcebd097c9103b6f08d1bb','[310,480,44305,1432793523,\"\\/var\\/www\\/phasty\\/public\\/img\\/products\\/31\\/wAP9l.jpg\"]'),('f21763a89e6689dc5b4be91eadb0002d','[249,268,29345,1432793206,\"\\/var\\/www\\/phasty\\/public\\/img\\/products\\/1\\/1247146296_pod_000021.jpg\"]'),('d78adec0d5e955c82e465a4f02bf9837','[249,268,62779,1429170988,\"\\/var\\/www\\/phasty\\/public\\/img\\/products\\/2\\/1247146313_pod_000003.jpg\"]'),('bbba319cde050ce6bd05ce420674d403','[249,268,46548,1429207408,\"\\/var\\/www\\/phasty\\/public\\/img\\/products\\/3\\/1247146339_pod_000027.jpg\"]'),('b643ccc2e07398295730bcfed0cf5cae','[249,268,50380,1432793151,\"\\/var\\/www\\/phasty\\/public\\/img\\/products\\/4\\/1247146344_pod_000020.jpg\"]'),('791ad61939301fb0917df2c7420a707d','[249,268,62779,1429170988,\"\\/var\\/www\\/phasty\\/public\\/img\\/products\\/5\\/1247146313_pod_000003.jpg\"]'),('8b80b27fe20c5a2b8bb9b4b48e03ecf5','[249,268,46548,1429207408,\"\\/var\\/www\\/phasty\\/public\\/img\\/products\\/6\\/1247146339_pod_000027.jpg\"]'),('a3c2604333d6163a558ca6d89aa7fb7f','[310,480,50380,1432793151,\"\\/var\\/www\\/phasty\\/public\\/img\\/products\\/4\\/1247146344_pod_000020.jpg\"]'),('4093c5005f7a1ae6236050ffa62d4559','[310,480,37288,1429170949,\"\\/var\\/www\\/phasty\\/public\\/img\\/products\\/4\\/1247146380_pod_000048.jpg\"]'),('f17b6df2ea30184b692a69962fea2f7a','[310,480,88810,1429207451,\"\\/var\\/www\\/phasty\\/public\\/img\\/products\\/4\\/MeH7g.jpg\"]'),('a5d962756d3b1cff2bba284558cea0a7','[310,480,77922,1429171001,\"\\/var\\/www\\/phasty\\/public\\/img\\/products\\/4\\/qpbO.jpg\"]'),('907ac136fd3ea088cc8a47a4e4010508','[310,480,29345,1432793206,\"\\/var\\/www\\/phasty\\/public\\/img\\/products\\/1\\/1247146296_pod_000021.jpg\"]'),('34cff3004370ee923fdde9419faabc6c','[310,480,46548,1429207408,\"\\/var\\/www\\/phasty\\/public\\/img\\/products\\/1\\/1247146339_pod_000027.jpg\"]'),('3c8ac3428438a89a6b1e9f05f58a707f','[310,480,37288,1429170949,\"\\/var\\/www\\/phasty\\/public\\/img\\/products\\/1\\/1247146380_pod_000048.jpg\"]'),('c50072c21e37119b73f21f62080f0731','[310,480,88810,1429207451,\"\\/var\\/www\\/phasty\\/public\\/img\\/products\\/1\\/MeH7g.jpg\"]'),('7f37530b6874a7219821a8af3f666c84','[310,480,77922,1429171001,\"\\/var\\/www\\/phasty\\/public\\/img\\/products\\/1\\/qpbO.jpg\"]'),('05cdf9eef636118b370d9e0e8f2e2f83','[249,268,62779,1429170988,\"\\/var\\/www\\/phasty\\/public\\/img\\/products\\/15\\/1247146313_pod_000003.jpg\"]'),('a4b50923e432b8c7fcdeef52668ab48d','[249,268,62779,1429170988,\"\\/var\\/www\\/phasty\\/public\\/img\\/products\\/8\\/1247146313_pod_000003.jpg\"]'),('25ede2b506127bd9a98da8860d6c0d47','[249,268,62779,1429170988,\"\\/var\\/www\\/phasty\\/public\\/img\\/products\\/9\\/1247146313_pod_000003.jpg\"]'),('d445eb496c2ffa3479cbb13c7ac381dd','[249,268,59845,1432793289,\"\\/var\\/www\\/phasty\\/public\\/img\\/products\\/24\\/1247146363_pod_000044.jpg\"]'),('e9d2945208a2848594db7442ec62a1de','[249,268,46548,1432793160,\"\\/var\\/www\\/phasty\\/public\\/img\\/products\\/20\\/1247146339_pod_000027.jpg\"]'),('99b898f7c2aa2cad78e4f873aab7dc1f','[134,268,62779,1429170988,\"\\/var\\/www\\/phasty\\/public\\/img\\/products\\/15\\/1247146313_pod_000003.jpg\"]'),('8baba81737c6965fc5f99763d9481a67','[134,268,62779,1429170988,\"\\/var\\/www\\/phasty\\/public\\/img\\/products\\/8\\/1247146313_pod_000003.jpg\"]'),('0a135133cd7993703dcfdebeed92ef43','[134,268,62779,1429170988,\"\\/var\\/www\\/phasty\\/public\\/img\\/products\\/9\\/1247146313_pod_000003.jpg\"]'),('710f42e7c19e232ffee2c19e0156a868','[134,268,59845,1432793289,\"\\/var\\/www\\/phasty\\/public\\/img\\/products\\/24\\/1247146363_pod_000044.jpg\"]'),('abbc7e5135aa4e04bc418b5fd9062109','[134,268,46548,1432793160,\"\\/var\\/www\\/phasty\\/public\\/img\\/products\\/20\\/1247146339_pod_000027.jpg\"]'),('f07f6058200d4b04216b0a167d9a0f11','[249,268,29306,1432793365,\"\\/var\\/www\\/phasty\\/public\\/img\\/products\\/26\\/1247146392_pod_000047.jpg\"]'),('8d2a26b14424eace4728b68f96eb765b','[249,268,66489,1427096347,\"\\/var\\/www\\/phasty\\/public\\/img\\/products\\/54\\/1.jpg\"]'),('77ef8edf357605a8c630e6694af3c5dd','[249,268,88810,1429207451,\"\\/var\\/www\\/phasty\\/public\\/img\\/products\\/7\\/0eH7g.jpg\"]'),('1ad72efabf0d091dfcc38827788036f4','[249,268,62936,1432793059,\"\\/var\\/www\\/phasty\\/public\\/img\\/products\\/17\\/1247146400_pod_000041.jpg\"]'),('8822e10b4c14abe8b993382959d1ce49','[249,268,59881,1432793323,\"\\/var\\/www\\/phasty\\/public\\/img\\/products\\/25\\/1247146372_pod_000078.jpg\"]'),('5b2bf530778df807f0b9dff1b2a08bf4','[249,268,65981,1432793491,\"\\/var\\/www\\/phasty\\/public\\/img\\/products\\/30\\/p59ze.jpg\"]'),('8dd9a6154d4ffd8871795b60da823b2e','[249,268,62779,1429170988,\"\\/var\\/www\\/phasty\\/public\\/img\\/products\\/10\\/1247146313_pod_000003.jpg\"]'),('0f88677b59eee21b17d38892cbd64db3','[249,268,62779,1429170988,\"\\/var\\/www\\/phasty\\/public\\/img\\/products\\/11\\/1247146313_pod_000003.jpg\"]'),('fe73132c3b1e0c5dae83808140c31ebd','[249,268,62779,1429170988,\"\\/var\\/www\\/phasty\\/public\\/img\\/products\\/12\\/1247146313_pod_000003.jpg\"]'),('642235c86bc5dce9b9df36ef59e4e084','[249,268,62779,1429170988,\"\\/var\\/www\\/phasty\\/public\\/img\\/products\\/13\\/1247146313_pod_000003.jpg\"]'),('e43f1057c8e91ba128abfdc5cfb78c9b','[249,268,62779,1429170988,\"\\/var\\/www\\/phasty\\/public\\/img\\/products\\/14\\/1247146313_pod_000003.jpg\"]'),('cbba0e5ed4b0c89d742e71218a6e14fe','[249,268,53076,1432793008,\"\\/var\\/www\\/phasty\\/public\\/img\\/products\\/16\\/1247146366_pod_000031.jpg\"]'),('b9f855dffe6877cada2918f75bf1d64c','[249,268,74535,1432793086,\"\\/var\\/www\\/phasty\\/public\\/img\\/products\\/18\\/1247146362_pod_000019.jpg\"]'),('e7d11287fb50665067fa409b2c03400f','[249,268,74535,1432793113,\"\\/var\\/www\\/phasty\\/public\\/img\\/products\\/19\\/1247146362_pod_000019.jpg\"]'),('53825324981b055ad904b7e5ff7e43a8','[249,268,29345,1432793206,\"\\/var\\/www\\/phasty\\/public\\/img\\/products\\/21\\/1247146296_pod_000021.jpg\"]'),('0671d6f5372e140db50ca855d9176571','[249,268,77108,1432793235,\"\\/var\\/www\\/phasty\\/public\\/img\\/products\\/22\\/1247146314_pod_000028.jpg\"]'),('a98e10acebd877b074af81b3d4425b82','[249,268,56629,1432793261,\"\\/var\\/www\\/phasty\\/public\\/img\\/products\\/23\\/1247146347_pod_000069.jpg\"]'),('d48e5f29695d9902c088e1aea9725fa3','[249,268,29039,1432793410,\"\\/var\\/www\\/phasty\\/public\\/img\\/products\\/28\\/1247146409_pod_000061.jpg\"]'),('f42e24784c17611ff469909321328b4b','[249,268,88810,1432793463,\"\\/var\\/www\\/phasty\\/public\\/img\\/products\\/29\\/MeH7g.jpg\"]'),('c5d1097a3766006e42a92d59985e3162','[249,268,66489,1432793532,\"\\/var\\/www\\/phasty\\/public\\/img\\/products\\/31\\/X5Aq.jpg\"]'),('63ad279857cf7cd7b823f02363d3f2a6','[310,480,62779,1429170988,\"\\/var\\/www\\/phasty\\/public\\/img\\/products\\/8\\/1247146313_pod_000003.jpg\"]'),('39b3dce6e18b1e5288dcb9bd3e8b9e3d','[310,480,46548,1429207408,\"\\/var\\/www\\/phasty\\/public\\/img\\/products\\/8\\/1247146339_pod_000027.jpg\"]'),('899fa9a30ba415e763f4faee9de1a12f','[310,480,37288,1429170949,\"\\/var\\/www\\/phasty\\/public\\/img\\/products\\/8\\/1247146380_pod_000048.jpg\"]'),('23764347d131c54fb4b71f920a505519','[310,480,88810,1429207451,\"\\/var\\/www\\/phasty\\/public\\/img\\/products\\/8\\/MeH7g.jpg\"]'),('ded68d1a972eb7ae5a5e259e73f4cd6a','[310,480,77922,1429171001,\"\\/var\\/www\\/phasty\\/public\\/img\\/products\\/8\\/qpbO.jpg\"]'),('573f883c6d4fcd62d727fafae106f5af','[110,110,74535,1432793086,\"\\/var\\/www\\/phasty\\/public\\/img\\/products\\/18\\/1247146362_pod_000019.jpg\"]'),('b4e49f4aa567f46479dfe7ed2a74db63','[110,110,62936,1432793059,\"\\/var\\/www\\/phasty\\/public\\/img\\/products\\/17\\/1247146400_pod_000041.jpg\"]'),('acb8fd8fcc39454f1c773910de4df816','[310,480,74535,1432793086,\"\\/var\\/www\\/phasty\\/public\\/img\\/products\\/18\\/1247146362_pod_000019.jpg\"]'),('59775dbbb33e6af21e0825b39ff46dc7','[310,480,239662,1432793077,\"\\/var\\/www\\/phasty\\/public\\/img\\/products\\/18\\/iqHLK.jpg\"]'),('7c0540160250de5acc8a71956b7676f9','[110,110,62779,1429170988,\"\\/var\\/www\\/phasty\\/public\\/img\\/products\\/5\\/1247146313_pod_000003.jpg\"]'),('777aa8b49b92dacb04ee50cb24886fde','[110,110,46548,1429207408,\"\\/var\\/www\\/phasty\\/public\\/img\\/products\\/6\\/1247146339_pod_000027.jpg\"]'),('2c9b960836c1640c6f6795a8a6500405','[110,110,56629,1432793261,\"\\/var\\/www\\/phasty\\/public\\/img\\/products\\/23\\/1247146347_pod_000069.jpg\"]'),('1d8d82c03cabefb1bf9b1054ac1de78b','[110,110,77108,1432793235,\"\\/var\\/www\\/phasty\\/public\\/img\\/products\\/22\\/1247146314_pod_000028.jpg\"]'),('1189d9619c6bd2dcb69f3d38ab05f417','[110,110,50380,1432793151,\"\\/var\\/www\\/phasty\\/public\\/img\\/products\\/4\\/1247146344_pod_000020.jpg\"]'),('74d38f9b3cfde638a227499260b3070d','[110,110,62779,1429170988,\"\\/var\\/www\\/phasty\\/public\\/img\\/products\\/10\\/1247146313_pod_000003.jpg\"]');

/*Table structure for table `locale` */

DROP TABLE IF EXISTS `locale`;

CREATE TABLE `locale` (
  `id` int(11) unsigned NOT NULL AUTO_INCREMENT,
  `code` varchar(50) COLLATE utf8_unicode_ci NOT NULL,
  `locale` char(2) COLLATE utf8_unicode_ci DEFAULT NULL,
  `enabled` tinyint(1) NOT NULL,
  `name` varchar(50) COLLATE utf8_unicode_ci NOT NULL,
  PRIMARY KEY (`id`)
) ENGINE=InnoDB AUTO_INCREMENT=3 DEFAULT CHARSET=utf8 COLLATE=utf8_unicode_ci;

/*Data for the table `locale` */

insert  into `locale`(`id`,`code`,`locale`,`enabled`,`name`) values (1,'en_US','en',1,'English'),(2,'ru_RU','ru',1,'Русский');

/*Table structure for table `notifications` */

DROP TABLE IF EXISTS `notifications`;

CREATE TABLE `notifications` (
  `id` int(11) NOT NULL AUTO_INCREMENT,
  `product_id` int(11) DEFAULT NULL,
  `email` varchar(255) COLLATE utf8_bin DEFAULT NULL,
  PRIMARY KEY (`id`),
  KEY `product_id` (`product_id`)
) ENGINE=InnoDB AUTO_INCREMENT=2 DEFAULT CHARSET=utf8 COLLATE=utf8_bin;

/*Data for the table `notifications` */

insert  into `notifications`(`id`,`product_id`,`email`) values (1,11,'firstrow@gmail.com');

/*Table structure for table `order_history` */

DROP TABLE IF EXISTS `order_history`;

CREATE TABLE `order_history` (
  `id` int(11) NOT NULL AUTO_INCREMENT,
  `orderId` int(11) DEFAULT NULL,
  `userId` int(11) DEFAULT NULL,
  `username` varchar(255) DEFAULT NULL,
  `handler` varchar(255) DEFAULT NULL,
  `dataBefore` text,
  `dataAfter` text,
  `createdAt` datetime DEFAULT NULL,
  PRIMARY KEY (`id`),
  KEY `order_index` (`orderId`),
  KEY `created_index` (`createdAt`)
) ENGINE=InnoDB DEFAULT CHARSET=utf8;

/*Data for the table `order_history` */

/*Table structure for table `order_products` */

DROP TABLE IF EXISTS `order_products`;

CREATE TABLE `order_products` (
  `id` int(11) NOT NULL AUTO_INCREMENT,
  `orderId` int(11) NOT NULL,
  `productId` int(11) NOT NULL,
  `name` varchar(255) COLLATE utf8_bin NOT NULL,
  `quantity` smallint(6) NOT NULL,
  `sku` varchar(255) COLLATE utf8_bin DEFAULT NULL,
  `price` float(10,2) NOT NULL,
  PRIMARY KEY (`id`),
  KEY `order_id` (`orderId`),
  KEY `product_id` (`productId`)
) ENGINE=InnoDB AUTO_INCREMENT=31 DEFAULT CHARSET=utf8 COLLATE=utf8_bin;

/*Data for the table `order_products` */

insert  into `order_products`(`id`,`orderId`,`productId`,`name`,`quantity`,`sku`,`price`) values (4,3,1,'ASUS 27T1EH',1,NULL,12000.00),(5,4,2,'ASUS VH197D',5,NULL,6300.00),(6,4,3,'BenQ VW2420H',1,NULL,4390.00),(7,4,4,'Viewsonic VX2268wm',2,NULL,8256.00),(8,4,5,'Acer V173DObm',1,NULL,5700.00),(9,5,6,'BenQ VW2420H',2,NULL,4390.00),(10,5,7,'ASUS VH197D',1,NULL,6300.00),(12,1,8,'BenQ VW2420H',3,NULL,4390.00),(14,1,9,'ASUS 27T1EH',1,NULL,12000.00),(15,1,10,'Acer V173DObm',1,NULL,5700.00),(17,1,11,'Acer GD245HQbid',7,NULL,12256.00),(18,2,12,'DELL UltraSharp U2410',1,NULL,19990.00),(19,2,13,'BenQ E910',1,NULL,5123.00),(20,2,12,'Acer A221HQbd',8,NULL,5156.00),(21,2,11,'ASUS VS247H',1,NULL,7320.00),(22,1,10,'Acer S220HQLbd',65,NULL,5410.00),(23,1,9,'LG Flatron E2341V',1,NULL,7105.00),(24,1,8,'ASUS VH203D',98,NULL,4150.00),(25,1,7,'NEC MultiSync EA261WM',1,NULL,21624.00),(26,2,6,'Iiyama ProLite X2472HD-1',43,NULL,10787.00),(28,2,5,'Samsung SyncMaster BX2235',1,NULL,7218.00),(29,3,4,'ASUS VS247H',4,NULL,7320.00),(30,3,3,'Acer A221HQbd',3,NULL,5156.00);

/*Table structure for table `order_status` */

DROP TABLE IF EXISTS `order_status`;

CREATE TABLE `order_status` (
  `id` int(11) NOT NULL AUTO_INCREMENT,
  `name` varchar(255) COLLATE utf8_bin NOT NULL,
  `position` int(11) DEFAULT '0',
  PRIMARY KEY (`id`),
  KEY `position` (`position`)
) ENGINE=InnoDB AUTO_INCREMENT=5 DEFAULT CHARSET=utf8 COLLATE=utf8_bin;

/*Data for the table `order_status` */

insert  into `order_status`(`id`,`name`,`position`) values (1,'Not paid for',2),(2,'Delivered and paid for',1),(3,'фывафывафыв',3),(4,'фвафывафывафыв',4);

/*Table structure for table `orders` */

DROP TABLE IF EXISTS `orders`;

CREATE TABLE `orders` (
  `id` int(11) unsigned NOT NULL AUTO_INCREMENT,
  `secretKey` varchar(40) COLLATE utf8_bin NOT NULL,
  `userId` int(11) unsigned NOT NULL,
  `userName` varchar(255) COLLATE utf8_bin NOT NULL,
  `email` varchar(100) COLLATE utf8_bin DEFAULT NULL,
  `address` varchar(255) COLLATE utf8_bin DEFAULT NULL,
  `phone` varchar(20) COLLATE utf8_bin DEFAULT NULL,
  `deliveryId` int(11) unsigned NOT NULL,
  `deliveryName` varchar(255) COLLATE utf8_bin NOT NULL,
  `statusId` int(11) unsigned NOT NULL,
  `statusName` varchar(255) COLLATE utf8_bin NOT NULL,
  `discountId` int(11) unsigned DEFAULT NULL,
  `totalPrice` bigint(20) unsigned DEFAULT NULL,
  `priceWithDelivery` bigint(20) unsigned DEFAULT NULL,
  `ipAddress` varchar(50) COLLATE utf8_bin NOT NULL,
  `createdAt` datetime NOT NULL,
  `updatedAt` datetime NOT NULL,
  `deletedAt` datetime DEFAULT NULL,
  `userComment` varchar(500) COLLATE utf8_bin DEFAULT NULL,
  `adminComment` varchar(255) COLLATE utf8_bin DEFAULT NULL,
  PRIMARY KEY (`id`),
  UNIQUE KEY `secret_key` (`secretKey`),
  KEY `user_id` (`userId`),
  KEY `delivery_id` (`deliveryId`),
  KEY `status_id` (`statusId`)
) ENGINE=InnoDB AUTO_INCREMENT=8 DEFAULT CHARSET=utf8 COLLATE=utf8_bin;

/*Data for the table `orders` */

insert  into `orders`(`id`,`secretKey`,`userId`,`userName`,`email`,`address`,`phone`,`deliveryId`,`deliveryName`,`statusId`,`statusName`,`discountId`,`totalPrice`,`priceWithDelivery`,`ipAddress`,`createdAt`,`updatedAt`,`deletedAt`,`userComment`,`adminComment`) values (1,'4b042c16ad7d6525cd4c1b3e825540e1',4,'Demo User','demo_user@example.com','Address of demo user','234 543 45',1,'Delivery by courier',3,'фывафывафыв',7,903741,903741,'127.0.0.1','2011-05-05 12:23:20','2015-03-24 22:28:08',NULL,'asdfasdf','dfgasdf'),(2,'300a439276e6ac91a3c0a1263a0e3bfa',3,'New user edited','new_user@example.com','Address of new user','+375 45-32-45',1,'Delivery by courier',1,'Not paid for',NULL,544740,544740,'127.0.0.1','2010-05-01 13:39:25','2015-03-24 22:00:23',NULL,'asdfasf',NULL),(3,'67a2b839a4dd72993e34ffaba811fd93',1,'Admin Adminovsky','admin@example.com','My address','111111',1,'Delivery by courier',2,'Delivered and paid for',2,56748,56748,'127.0.0.1','2006-11-16 18:21:32','2015-03-24 21:59:43',NULL,NULL,'asdfasdf'),(4,'3e196d59562fe94cba1321e397f95ef4',3,'New user edited','new_user@example.com','Address of new user','+375 45-32-45',2,'Customer pickup',1,'Not paid for',NULL,58102,58102,'127.0.0.1','2001-12-16 18:39:34','2015-03-24 21:59:22',NULL,NULL,'adfasdf'),(5,'f3d7d77a9b3f9d167799e287d98b672b',1,'Admin Adminovsky','admin@example.com','My address edited','+435 23-45-32',4,'Delivery on ISS',1,'Not paid for',NULL,15080,18323,'127.0.0.1','2000-07-20 11:45:58','2015-03-24 22:29:08',NULL,'asdfasdfas','edited'),(6,'a5998511fabb3bfd75e5d2b45a2ae2ef',1,'Admin Adminovsky','admin@example.com','some address','123-45-56',2,'Customer pickup',1,'Not paid for',NULL,12345,12345,'10.0.2.2','2015-03-25 11:50:57','2015-03-25 11:50:57',NULL,'asdfasdf','adfasdf'),(7,'9e0e302e37955b46baf9174e510f810a',3,'New user edited','new_user@example.com','adfasdfasd','23344455',3,'Delivery by post mail',2,'Delivered and paid for',2,23214,23214,'10.0.2.2','2015-03-25 11:57:41','2015-03-25 11:57:41',NULL,'asdfasdf','asdfasdfasd');

/*Table structure for table `pages` */

DROP TABLE IF EXISTS `pages`;

CREATE TABLE `pages` (
  `id` int(11) unsigned NOT NULL AUTO_INCREMENT,
  `slug` varchar(100) CHARACTER SET utf8 NOT NULL,
  `name` varchar(255) CHARACTER SET utf8 NOT NULL,
  `content` text CHARACTER SET utf8 NOT NULL,
  `createdAt` datetime NOT NULL,
  `updatedAt` datetime NOT NULL,
  `active` enum('Y','N') CHARACTER SET utf8 NOT NULL DEFAULT 'Y',
  `seoDescription` tinytext CHARACTER SET utf8,
  `seoKeywords` tinytext CHARACTER SET utf8,
  PRIMARY KEY (`id`),
  UNIQUE KEY `slug` (`slug`),
  KEY `active` (`active`)
) ENGINE=InnoDB AUTO_INCREMENT=55 DEFAULT CHARSET=utf8 COLLATE=utf8_unicode_ci;

/*Data for the table `pages` */

insert  into `pages`(`id`,`slug`,`name`,`content`,`createdAt`,`updatedAt`,`active`,`seoDescription`,`seoKeywords`) values (1,'new-rules','Новые Правила','Страница с правилами','1994-07-15 06:18:48','2014-12-09 09:46:19','N','Тест','Тест'),(2,'some','О нас','Страница о нас','1998-10-08 01:52:05','2014-12-09 13:19:08','N','Сео описание','ключевые слова'),(3,'illo','asdfasdf','asdfasdfas','1998-08-30 17:06:54','2013-11-13 18:52:39','N','',''),(4,'cupiditate','new name for 4','new content for 4','1993-05-01 20:41:48','2015-02-17 11:25:30','N','asdfasdfasdf','ljhblkjh lk;ohjo'),(5,'sint','adsfadsfasdfasd','adfsadfasdfasdfasdfasdfasdfsadfd','2004-11-16 19:48:38','2000-07-17 10:46:53','Y',NULL,NULL),(6,'qui','Ipsum repellat est est voluptas sint.','Quis esse error rerum quasi libero sunt asperiores. Aut dolor ut voluptas nostrum quia. Voluptatem voluptatem et quia aliquam. Asperiores illum accusamus illum. Et illo dolor et qui iusto delectus accusamus tempore.','1977-06-24 01:23:09','1986-01-12 17:54:57','Y','Rem sed ut repellat omnis. Maiores et sed ullam ab consequatur qui iusto. Aut iure rerum voluptatem. Maiores fuga hic velit vel esse dicta odio.','Amet in esse error adipisci et veniam. Ipsum ut odio officiis illum nostrum. Quod molestiae facere sed voluptas error.'),(7,'rules','Et aliquam est quia voluptatem.','Et dolores optio provident ratione. Cum a quas sunt. Odit ut reprehenderit aut voluptas quod.','1977-09-20 18:54:24','1983-07-03 15:54:58','N','Tempore architecto amet aut et consequatur porro iusto quasi. Aperiam ab alias quam libero voluptas esse consequatur. Incidunt dolorem assumenda et quibusdam rerum qui in.','Voluptatem nemo doloremque iste rerum deleniti sed. Et aperiam aperiam debitis est at omnis corporis hic. Quae placeat repellat id sed. Consectetur consectetur mollitia nostrum reiciendis. Cupiditate voluptas saepe ut quis alias ex.'),(8,'about','Est quidem pariatur ea ut consequatur nihil beatae.','Nostrum amet est eligendi nobis nihil velit nisi. Accusamus in dolorem enim fugiat sed rerum. Autem nemo doloremque itaque.','1971-11-11 18:20:12','1981-05-01 17:50:57','N','Hic est et ratione natus magni. Fugit quisquam libero nobis non libero eius laboriosam. Sit dolor ipsa doloribus odio qui et explicabo.','Sit atque atque occaecati. Sed ut veniam qui tenetur voluptatem doloremque et. Qui repellendus nulla similique cum unde commodi.'),(9,'odio','Et autem dignissimos culpa modi.','Necessitatibus modi sequi neque quod quam et ipsa quos. Quos sunt labore ut nihil. Id facere accusantium asperiores eum dolorem.','1991-08-21 16:32:17','1990-08-30 09:42:52','N','Neque quis et nihil ipsum voluptas sed sint. Laborum quod et et quos dicta quidem repudiandae. Quam dolor amet voluptas quia neque iste ut placeat. Odit repellendus sapiente sit vel perspiciatis rem molestias.','Odio dolores sunt et sunt id. Tempora corrupti repudiandae sed libero accusamus vel qui ea. Tempore earum enim veritatis. Et quasi omnis ipsum omnis.'),(10,'similique','Tempora autem quia animi quisquam impedit quae.','Laudantium voluptas et minus aut provident ut. Itaque ducimus id odit commodi dolorem modi sunt.','1979-06-18 11:03:39','1995-05-13 05:36:48','N','Modi animi aperiam aut eos ea enim porro. Dolor est id officiis perferendis laborum.','Facere voluptas ullam ad modi consequatur fugiat. Quisquam eaque harum aut dolor. Cum quo omnis eaque nam omnis tempore vero.'),(11,'omnis','Quam nulla nulla molestias consequatur.','Ut beatae doloremque cum. Voluptatum iure voluptatem totam ipsum non alias quisquam exercitationem. Veritatis dicta suscipit quis et et ut nostrum.','2001-09-17 09:47:06','1976-06-24 13:20:30','Y','Dolorem odit rerum dolorem beatae. Provident et eos nostrum velit quidem reiciendis aliquid. Ipsa id amet ut fugit.','Voluptatem nemo unde sit voluptate voluptatem placeat. Nesciunt dolor delectus maxime rem eligendi id ut. Deserunt ab quibusdam cumque.'),(12,'tempore','Modi qui unde soluta sed reiciendis.','Maxime voluptatum ratione ipsum similique in. Dolorum eum doloremque sit sint quidem. A id dolores in facilis pariatur dolore rem voluptas. Sequi provident ut officiis dolor odit quis.','1992-08-07 16:44:30','2001-08-17 20:42:11','Y','Fugiat qui aut laudantium distinctio consectetur. Sunt minus tempore corporis voluptatem quis autem. Voluptatem temporibus mollitia molestiae magni et vel quia quae.','Cum unde est qui sit soluta voluptate aut. Dolores dolor itaque eligendi sed qui quos perspiciatis. Labore tempore et error pariatur commodi eius. Aut rerum ipsa quisquam et quasi necessitatibus.'),(13,'delectus','Dolorem voluptatibus quo ipsam est architecto asperiores.','At iure molestias sit similique. Necessitatibus a maxime quasi dolorum numquam. Delectus neque doloribus alias eveniet cupiditate ad et. Ducimus nam exercitationem qui soluta accusantium.','1991-09-22 01:30:43','1974-04-11 13:23:33','N','Ut dolor illum exercitationem et eos. Dolores nam facilis ratione et omnis eius qui at. Inventore quis tempore ratione unde nam odio ex quo.','Cumque facilis et ratione dolorem et quasi. Ducimus quaerat eum voluptas aut veritatis.'),(14,'aperiam-voluptate-culpa-iusto-placeat-nam','Aperiam voluptate culpa iusto placeat nam.','Officiis libero asperiores ipsum quod. Dolorem voluptatibus consequatur ut perspiciatis ut cupiditate. Doloribus id aut nostrum ratione ipsa tempore.','2009-09-25 07:05:22','2014-11-27 19:54:31','Y','Exercitationem vel nemo recusandae ullam et cum deserunt. In voluptatem est veniam tenetur dolores. Nihil nesciunt eos aut porro repudiandae ab exercitationem.','фывафывавфы'),(15,'debitis-aut-minima-nostrum-distinctio-architecto-et-ali','Debitis aut minima nostrum distinctio architecto et aliquam.','Recusandae eaque et voluptatem totam placeat beatae saepe optio. Ea aut debitis modi eos. Eos libero veritatis assumenda laborum omnis et est.','2003-03-06 07:00:51','2014-12-03 09:45:14','Y','Velit qui et quia quaerat consequatur blanditiis. Eaque ut quidem rerum eaque asperiores doloremque. Temporibus corrupti non ipsum pariatur sit ipsum doloribus dolorum.','Alias sed excepturi tempora quam enim quos dolorum. Soluta minima tempore consequatur ut quia fugiat unde. Tenetur iusto voluptatum velit. Voluptate vero dignissimos temporibus tempora eaque occaecati.'),(16,'et','Sunt autem expedita laudantium possimus voluptatem architecto quaerat.','Ut est illum numquam aliquid dolores qui. Accusamus tempora dolores optio repellendus ut quo eos. Harum non a eius et sit eum. Alias porro suscipit exercitationem dicta vitae commodi fugiat.','1983-08-08 18:52:37','1973-09-20 14:57:33','N','Suscipit hic qui aut totam eveniet voluptas aliquam. Ducimus hic quia veniam. Non commodi voluptatem delectus est quo.','Saepe earum est suscipit ea voluptatum. Cum ut voluptatem impedit eum ex. Qui enim dolorem deserunt quae inventore voluptatibus.'),(17,'voluptatum','Et ut aut earum.','Ab quasi aliquid dolores quia qui dolorem. Consequatur et ad iure voluptas. Numquam ducimus voluptatibus esse unde maxime. Veritatis et porro est beatae voluptatibus.','1985-02-03 06:48:27','1989-03-20 17:42:52','N','Quo recusandae sint iste in sed dolorem blanditiis. Facilis ut in aut omnis. Est consequatur repudiandae magni et a illo.','Aut soluta neque dolores velit eos accusantium. Omnis qui quia maiores voluptatem nobis blanditiis ratione. Omnis aliquam rerum in modi. Pariatur illum eius repellat voluptatibus cumque.'),(18,'autem-dolorem-cumque-facilis-assumenda-quos-unde','Autem dolorem cumque facilis assumenda quos unde.','Architecto commodi quis cum accusamus qui. Saepe dolore unde voluptas eveniet ut veniam. Esse reiciendis voluptatem sequi quia in laborum. Molestiae odit iste consectetur consequuntur molestiae inventore in.','1978-05-01 09:38:57','2014-12-11 20:21:52','N','Facilis quis sequi sint voluptatem qui ea. Omnis dolores eum nihil sed. Voluptatum consectetur unde odio. Vitae quibusdam sed necessitatibus in illo id velit nihil.','Modi quis aliquam odio. Sunt neque ut nihil quidem saepe. Magnam est necessitatibus omnis impedit laboriosam perferendis. Harum explicabo et quisquam tempore cumque exercitationem quia.'),(19,'qui-dolorem-dignissimos-ullam','Qui dolorem dignissimos ullam.','Architecto inventore voluptatum esse dicta nulla cum. Laudantium ducimus accusantium laboriosam qui enim laudantium unde. Soluta aut in alias consequuntur excepturi ut. In repellat praesentium sapiente.','2001-12-13 17:10:23','2014-12-11 20:23:32','Y','Facilis velit neque alias. Sed illum hic facilis quod ut. Est sit possimus tempore eius facere ipsa. Cum nobis velit hic aliquid voluptatum qui ea. Rerum quisquam et omnis quia.','Aliquid consequuntur rerum dolorum. Porro blanditiis ducimus explicabo. Voluptas facilis placeat neque alias sunt sit.'),(20,'eos','Rerum est culpa nostrum.','Qui error qui facere. Velit ad quia magni est. Vel quod autem dolores ratione quis laboriosam.','1982-06-03 23:31:21','1976-08-15 05:56:58','N','Est sunt omnis nihil vero. Qui mollitia quia omnis sint dolore vel explicabo alias. Eius porro debitis est quos similique. Atque praesentium veniam sequi cum aliquid ab. Nesciunt architecto omnis non.','Sed accusantium nihil ex inventore est architecto hic. Tempore qui quisquam eum consequuntur. Quod ipsa qui eum. Debitis amet necessitatibus pariatur eos.'),(21,'inventore','Deserunt numquam cum at est.','Blanditiis earum fugiat ipsa porro harum tempora. Et quod exercitationem quia. Veniam incidunt voluptates ut aut debitis. Est rerum occaecati sed eos voluptas. Fugiat qui deserunt libero ullam eum aspernatur.','1989-07-27 20:20:40','2004-03-27 08:38:51','Y','Quia non modi nisi. Nemo reiciendis numquam autem fugiat nam vitae quis. Dolorum vero occaecati perspiciatis eaque aut accusamus.','Ea explicabo libero et. Aut cupiditate ea alias exercitationem voluptatem quasi. Reprehenderit debitis officiis nulla. Architecto quod voluptatem quod dignissimos quia.'),(22,'a','Voluptas incidunt ea iure dolorem nisi voluptatem.','Ut illo odio voluptatem. Dolor modi voluptas autem numquam aut quasi iure. Sit assumenda quidem veritatis et qui voluptas incidunt distinctio. Est et consequatur illum. Laudantium nihil exercitationem aut aut est nulla.','1995-05-06 09:58:06','1983-06-08 04:34:35','N','Nihil debitis aliquam molestiae. Fugiat nihil eaque qui aut et.','Reprehenderit eaque velit rerum omnis. Quod pariatur dolor iusto delectus rem dolor esse. Sed voluptatem qui quia iure. Enim rerum architecto illo cupiditate.'),(23,'molestiae','Qui dignissimos debitis ut sed quo ipsum doloremque ut.','Ad unde eligendi non velit similique sunt. Dolor quasi tenetur consectetur quisquam id ea cupiditate. Ut iure molestias autem impedit et vel sed. Unde quia temporibus aut eos dicta rerum fugit. Minima qui voluptatibus quasi quia vel nulla.','1980-10-19 22:27:09','1985-12-23 22:09:49','Y','Exercitationem dolor sunt est expedita corporis. Nihil et nobis quibusdam dolorum. Iste sed tenetur voluptates aut.','Pariatur est esse blanditiis qui suscipit rem fuga et. Illo est repellendus corporis placeat corrupti sequi velit. Debitis quidem et iste aspernatur.'),(24,'beatae','Tempora dolore sed id perspiciatis est velit nulla.','Itaque similique consectetur consequatur. Sit at dolores delectus consequatur doloribus cupiditate. Soluta asperiores iste totam veritatis est molestias nostrum. A modi perspiciatis culpa. Officiis cum quo consequatur et qui perspiciatis.','1983-08-23 18:21:37','1991-04-28 00:58:43','N','Inventore beatae vel dolorem fuga officiis maiores qui. Autem a corrupti ex placeat ut esse iure blanditiis. Delectus occaecati qui id voluptates illum aperiam est.','Dignissimos a consequatur cupiditate tempore culpa aspernatur voluptates. Fugiat ducimus natus ut molestiae ab doloremque asperiores. Eveniet aperiam natus animi illum.'),(25,'exercitationem','Sunt id quo expedita aperiam.','Voluptate quisquam sit eligendi quaerat rem velit perferendis. Hic consequuntur modi quo sed quo architecto commodi ratione. Facere veritatis atque vero aut omnis est. Modi accusamus consectetur molestias molestias commodi ut repudiandae.','1996-08-16 19:55:45','1989-08-21 03:05:40','Y','Perspiciatis dolorem hic id et. Et illum autem ullam. Dicta non expedita dolorem optio maxime excepturi fugit. Et in occaecati quia pariatur id.','Sunt et repellat et quia. Voluptatum voluptatem explicabo voluptas nesciunt inventore. Minus deserunt et maxime est fugiat ut nihil quis.'),(26,'ut','Sed veritatis sequi numquam aliquid.','Ab nulla magnam eum iure et nisi. Quia quia architecto ducimus. Et qui sequi cumque sit qui atque. Molestias dicta voluptas vero iure commodi.','1999-03-08 19:54:54','2004-02-24 12:13:28','Y','Ducimus est sed rem ratione. Suscipit aut aut ipsum optio. Tenetur earum molestiae consequatur quis laboriosam ad autem et.','Quia facere molestiae officiis. Temporibus perferendis voluptate et cupiditate. Rerum et alias voluptatibus aut. Voluptatem aperiam quaerat illum ut reprehenderit mollitia. Facilis asperiores veniam eaque tenetur voluptate ea inventore animi.'),(27,'amet','Eveniet sint sequi in rerum repellendus quasi ut.','Aliquam voluptatem tempore recusandae reprehenderit iste qui at. Voluptate ad qui qui voluptas magni enim harum ut. Distinctio qui quos optio et. Qui doloribus eum aut expedita explicabo.','2008-02-09 23:26:18','1981-12-09 18:06:27','N','Autem et necessitatibus accusantium soluta tempora est neque. Commodi omnis ut modi optio et dolorum sit ab.','Similique magni at perspiciatis delectus ad. Tempore quod quasi ducimus at quo reprehenderit.'),(28,'nesciunt','Eveniet est modi non reiciendis.','Vel saepe architecto natus quisquam impedit minima. Ipsum iste aspernatur magnam repellendus sit sint. Et fugit eveniet voluptates illo et saepe.','2011-12-17 16:31:12','2012-09-25 22:09:18','Y','Placeat dignissimos quas inventore velit et explicabo. Consequatur est sit autem eum assumenda consectetur inventore. Labore aut aut consequatur dicta soluta. Ipsam autem voluptatem veniam. Est accusantium quia labore cum.','Ducimus dolores hic totam dolor consectetur dolor. Fugiat cum id et adipisci qui quos consectetur voluptas. Velit mollitia sed maiores iste consequatur sit. Molestiae eos distinctio qui quia cupiditate voluptates exercitationem.'),(29,'suscipit','Dolorem asperiores corrupti aliquam amet totam et error assumenda.','At recusandae et a odio ex nobis eos. Aliquam culpa assumenda non et inventore beatae ut. Quia voluptatem quia ex.','1973-03-22 02:47:18','1980-04-24 00:36:16','Y','Eos est quis blanditiis quas ab. Ducimus eius aut quaerat et sit doloribus. Non similique quam iure hic.','Nulla ad tempora nam voluptas. Facere magnam inventore harum dolorem. Qui ratione ipsum veniam delectus. Nisi quas itaque eum aliquam voluptas suscipit natus.'),(30,'corrupti','Delectus itaque expedita qui est tempore cumque fugiat.','Amet sunt ut mollitia quibusdam. Exercitationem sapiente ut et sit. Non quibusdam et numquam quibusdam esse et harum.','1998-07-19 01:23:10','2009-10-05 21:34:41','Y','Soluta ratione quod est ut. Deserunt est quaerat error facilis illum et similique. Repellat neque quia animi id incidunt quod quia.','Veritatis maxime esse non quae. Voluptas quia officiis corporis quia. Provident unde voluptas ut est ea illum autem. Architecto reprehenderit iure rem distinctio iste. Fuga voluptates labore et non.'),(31,'nulla-nam-reprehenderit-fuga-est-dolor-labore-ratione','Nulla nam reprehenderit fuga est dolor labore ratione.','Molestiae odio explicabo maiores odit voluptatibus deleniti a. Maxime consectetur officiis odio aliquid.','2009-01-25 08:16:22','2014-12-11 18:58:19','Y','In facere id ratione nisi. Ducimus necessitatibus adipisci repudiandae repudiandae fugit ut dolores error. Nostrum fugiat nesciunt facere est placeat. Dicta dignissimos fugit tempore voluptates aut necessitatibus. Ut sed ratione explicabo deleniti quam no','Iusto est eaque illum repellendus laboriosam rem incidunt. Blanditiis quae quia ut expedita aut quia hic sit. Quo consequuntur omnis et et assumenda eum harum.'),(32,'dolore','Ut magnam sed laudantium asperiores expedita.','Mollitia error maxime dolor libero est debitis. Excepturi recusandae magni ipsa enim. Deleniti optio quia aspernatur hic sit quia.','2013-07-18 05:31:20','2014-12-11 20:57:55','N','Commodi consectetur nam consequuntur eaque blanditiis. Doloremque ea alias eos minus. Voluptatem exercitationem asperiores cupiditate. Hic voluptatem maxime ab quasi expedita velit quisquam.','Cum ut placeat deleniti fugit et. Ut ut aut debitis omnis commodi praesentium corrupti.'),(33,'sed','Impedit quia velit corrupti qui.','Cupiditate tempore similique consequatur aut corporis qui quas. Quia aut culpa ex velit nemo. Ipsam consequatur culpa quia quidem recusandae. Quod minima incidunt consequatur.','2008-08-28 10:04:46','2009-03-24 18:23:21','Y','Quaerat corrupti similique est perferendis. Minus earum quia sit in assumenda velit et. Sequi consequuntur ut placeat rerum ut voluptate. Perspiciatis rerum et magni et.','Aliquid corporis quidem distinctio cum. Ratione rerum qui non pariatur. Delectus temporibus distinctio unde. Sint sed aliquid quam et eaque laboriosam earum.'),(34,'nisi','Perspiciatis expedita ut neque voluptatem vitae.','Fugiat omnis nulla ex numquam. Alias dolorem aperiam quia ratione pariatur non cum. Velit atque vero suscipit optio aut. Quis et repellendus et beatae voluptas consequatur.','1995-10-02 08:54:35','1995-01-05 06:54:51','N','Itaque facere dolorum tempore. Laborum animi pariatur dolorem velit doloribus minima. Enim dolores adipisci ipsa reiciendis.','In est voluptas vel nobis. Cumque et doloremque ea veniam dolorem voluptas dignissimos hic. Illum consequatur sed non sunt. Magnam occaecati quibusdam consequuntur quis nobis animi et ut.'),(35,'odit','Laudantium tempora corporis eligendi molestiae.','Eius enim earum voluptate. Fugit perspiciatis voluptatem odit explicabo quis. Quia ab fugiat dolor adipisci in magnam.','1988-08-08 06:05:23','1992-08-08 09:15:01','N','Eaque earum neque quae quia enim ducimus qui non. Dolor neque laboriosam voluptas voluptatum delectus velit laborum. Qui iure qui totam iusto et rerum nobis sed.','Deleniti sed voluptas unde repellat soluta cupiditate ut. Et laboriosam consequatur numquam iste minus delectus incidunt. Et delectus non velit laborum.'),(36,'nobis','Quo atque dolores placeat voluptates.','Eaque architecto qui tenetur ex dolorem repudiandae autem. Dolorem qui enim voluptatum est laboriosam consectetur ipsam.','2003-04-29 09:02:47','2014-12-11 19:04:13','Y','Occaecati fuga temporibus eaque sed quisquam excepturi totam. Adipisci enim asperiores ratione modi sit.','Fuga quam atque et dolores quidem libero consectetur quidem. Ex et reprehenderit veritatis. Neque tenetur et occaecati quo. Amet quis aliquid ut tempora rerum. Possimus voluptas eius atque perspiciatis.<script>alert(\"hi csrf\")</script>'),(37,'nihil','Sint quo autem beatae ut voluptatibus enim et.','Maxime mollitia enim dolor aliquid distinctio consequatur voluptatem. In nihil ut dolor alias molestiae aut doloremque. Est doloribus blanditiis labore. Et saepe iusto delectus.','1999-11-07 12:15:45','1986-03-23 12:27:22','N','Est tenetur vero facere ad ad et. Qui est sunt rem ratione tempora. Dolorem ratione harum quia illo eaque quod itaque quia. Magnam vitae ut tempora recusandae autem.','Minus iusto delectus consequatur qui tempore fuga. Placeat soluta sequi magni nemo doloremque enim cupiditate. Est possimus deserunt nostrum consequatur dolorum ab. Libero ut velit quidem dicta repudiandae deserunt et.'),(38,'in','Quas laboriosam provident qui nobis necessitatibus adipisci voluptas.','Eos quis quam non ipsa rerum ea. Ad beatae porro minima sequi atque qui. Voluptatem doloribus facilis expedita iure mollitia modi quidem dolorum. Eos aut aut aliquid veniam sit et.','1970-04-16 09:50:00','2001-02-14 11:00:07','N','Magnam ut incidunt rerum possimus rerum voluptas. Sint qui doloremque voluptate placeat eaque. A reprehenderit est dolorum suscipit.','Quia non vitae nisi et et exercitationem. Eligendi possimus voluptas accusantium velit suscipit. Facere dicta et adipisci sapiente illum ipsum qui quaerat.'),(39,'corrupti-fugiat-sit-et-ut-soluta','Corrupti fugiat sit et ut soluta.','Repellendus culpa non molestias esdfius placeat officiis autem.sdf Ex ea doloremque dolore dignissimos. Adipisci laboriosam illo dicta sint et.','2004-10-24 17:00:50','2014-12-11 20:11:09','N','Ut ratione sint dolores ut saepe iure velit. Suscipit et impedit iste qui asperioressdf illum. Eos ut assumenda odit molestiae et.','Repellat recusandae iure natus earum explicabo. Dolorem numquam temporibus quia eius. Ipsum voluptatibus consequatur illum dolor earum aliquid. Exercitationem aut aut sunt iure.'),(40,'deserunt','Pariatur temporibus ducimus nihil enim dolores fugiat incidunt.','Consequatur eos quis ratione quae ex eaque quisquam neque. Qui perspiciatis quae veritatis voluptates. Accusamus cum voluptates quasi iste.','1988-03-24 15:35:53','1975-08-04 14:18:05','Y','Qui dolor sit sequi neque nisi. Sapiente perspiciatis ducimus incidunt temporibus dolor magnam. Rem aperiam enim totam nemo aliquid consequatur et. Vel quis architecto soluta nihil.','Ex at quo maiores fugit quidem quae consequuntur. Sit occaecati ipsum voluptas.'),(41,'consequuntur','Eum distinctio quod sint nesciunt quaerat et.','Rerum ut rem et at. Molestiae sunt quia est aut voluptatem. Praesentium dolores sint nihil officiis animi voluptatibus sapiente.','1997-08-08 10:40:44','2000-05-31 03:44:26','N','Qui consequuntur nam autem voluptatem facilis. Quod sed officia veritatis vitae ex vitae. Deserunt fugiat sapiente nihil perferendis quia quos voluptatem. Ipsum voluptates unde vero quo.','Minus illo voluptatem ea sunt aliquam ea sed aut. Soluta omnis reprehenderit iusto quas esse impedit. Est dolor excepturi cumque vel dolores cumque possimus. Hic quo consequatur sit repudiandae quidem.'),(42,'est','Quod quasi quia voluptatem.','Provident inventore at suscipit. Non totam ab itaque similique cupiditate earum sequi et. Et illum suscipit dolorem quo accusamus. Consequuntur facere veritatis non qui consequatur. Qui est quis quam quia deserunt molestiae.','1980-07-05 00:31:01','2014-11-25 14:40:28','Y','Omnis ab ducimus tempore deleniti. Recusandae rerum impedit ducimus optio vero. Vitae amet sint ut qui et. Eligendi ut sint vel rem.','Optio hic totam accusamus quam rerum fuga. Quibusdam officiis aspernatur similique dolorem dolorem qui provident eum. Ratione eos sunt dolorem temporibus.'),(43,'voluptas','Dolor cupiditate qui deserunt.','In sint dolorum voluptas corporis alias vel. Voluptas id odio pariatur adipisci omnis natus et. Suscipit fugit molestiae odio reprehenderit soluta doloribus.','1999-04-17 05:54:16','2014-12-11 20:56:46','N','Eum sit modi quod aut non repellat aperiam. Et odio molestiae illum eos voluptatem blanditiis. Possimus labore nihil quia ullam repellat nihil error.','Veniam accusamus sint ut doloremque minus quo. Non sit illum rerum. Eaque et doloremque assumenda consectetur. Nam consectetur nisi at saepe.'),(44,'non','Dolore ratione autem id molestias ab possimus.','Architecto ut cupiditate nisi rerum accusantium ut. Voluptatem dolores dolorum optio quidem aut consequatur. Similique voluptatem dolorem sint numquam aut illo.','1970-04-06 20:12:24','2014-12-11 20:52:06','Y','Aspernatur qui repellat mollitia nulla ea quis enim. Maiores corrupti laudantium iste est. Atque modi sed recusandae inventore velit distinctio voluptatem. Dolores qui inventore id id nemo voluptatem.','Rerum eveniet veniam voluptas vel. Suscipit illo incidunt tempora quam molestias eum. Vero qui hic expedita cupiditate sapiente nobis.'),(45,'provident','Sit neque rerum reprehenderit quod et sunt.','Eos atque sunt rerum et deserunt. Vero consequatur id totam nobis aliquid sapiente quia. Laudantium quibusdam quis laboriosam tempore ut assumenda aspernatur.','1977-01-10 13:08:24','2014-12-11 20:51:46','N','Ullam consequuntur consectetur ea est tenetur. Beatae qui ex repellendus. Provident sint nam ab.','Adipisci rem quo maiores. Nihil quia sit illo aliquam veritatis deserunt. Non rerum voluptatem esse. Quis aspernatur expedita nisi aut.'),(46,'asdfasdfas','asdfasdfas','фывафывафывафы','2014-12-09 09:52:32','2015-05-18 12:28:18','Y','фывафывафыв','adfgasdfasdfasdf'),(47,'о-нас-5','О нас','фвыафывафы','2014-12-09 13:19:54','2014-12-11 17:02:26','Y','дожфа4','ывафывафыв'),(48,'obnovlennaya-poslednyaya-stranica','обновленная последняя страница','last page content','2014-12-12 10:02:32','2015-02-17 17:30:26','N','adfsd','asdfsad'),(49,'last-page','last page','last page content','2015-02-17 17:02:16','2015-02-17 17:02:16','N','adfsd','asdfsad'),(54,'samaya-poslednyaya-stranica-obnovlennaya','самая последняя страница обновленная','<h3>содержание последней <em>страницы</em></h3>\n','2015-02-17 17:31:30','2015-05-18 19:45:22','N','фвафыв','фывафыв');

/*Table structure for table `payment_currency` */

DROP TABLE IF EXISTS `payment_currency`;

CREATE TABLE `payment_currency` (
  `id` int(11) unsigned NOT NULL AUTO_INCREMENT,
  `paymentId` int(11) unsigned NOT NULL,
  `currencyId` int(11) unsigned NOT NULL,
  PRIMARY KEY (`id`),
  KEY `payment_currency_ibfk_1` (`currencyId`),
  KEY `payment_currency_ibfk_2` (`paymentId`),
  CONSTRAINT `payment_currency_ibfk_1` FOREIGN KEY (`currencyId`) REFERENCES `currencies` (`id`) ON DELETE CASCADE ON UPDATE NO ACTION,
  CONSTRAINT `payment_currency_ibfk_2` FOREIGN KEY (`paymentId`) REFERENCES `payments` (`id`) ON DELETE CASCADE ON UPDATE NO ACTION
) ENGINE=InnoDB AUTO_INCREMENT=22 DEFAULT CHARSET=utf8 COLLATE=utf8_unicode_ci;

/*Data for the table `payment_currency` */

insert  into `payment_currency`(`id`,`paymentId`,`currencyId`) values (4,2,3),(6,2,2),(12,1,1),(13,1,3),(14,3,2),(15,3,4),(16,4,1),(17,4,2),(18,4,3),(19,5,2),(20,5,4),(21,5,5);

/*Table structure for table `payments` */

DROP TABLE IF EXISTS `payments`;

CREATE TABLE `payments` (
  `id` int(11) unsigned NOT NULL AUTO_INCREMENT,
  `active` char(1) COLLATE utf8_bin NOT NULL DEFAULT 'Y',
  `paymentSystem` varchar(100) COLLATE utf8_bin NOT NULL,
  `position` smallint(6) unsigned NOT NULL DEFAULT '1',
  `name` varchar(100) COLLATE utf8_bin NOT NULL,
  PRIMARY KEY (`id`)
) ENGINE=InnoDB AUTO_INCREMENT=6 DEFAULT CHARSET=utf8 COLLATE=utf8_bin;

/*Data for the table `payments` */

insert  into `payments`(`id`,`active`,`paymentSystem`,`position`,`name`) values (1,'Y','webmoney',2,'Webmoney'),(2,'Y','free',2,'Free'),(3,'Y','robokassa',1,'Robokassa'),(4,'Y','paypal',3,'Paypal'),(5,'Y','qiwi',4,'Qiwi');

/*Table structure for table `permissions` */

DROP TABLE IF EXISTS `permissions`;

CREATE TABLE `permissions` (
  `id` int(11) unsigned NOT NULL AUTO_INCREMENT,
  `name` varchar(50) NOT NULL,
  `display_name` varchar(50) NOT NULL,
  PRIMARY KEY (`id`)
) ENGINE=InnoDB DEFAULT CHARSET=utf8;

/*Data for the table `permissions` */

/*Table structure for table `product_attribute_groups` */

DROP TABLE IF EXISTS `product_attribute_groups`;

CREATE TABLE `product_attribute_groups` (
  `id` int(11) unsigned NOT NULL AUTO_INCREMENT,
  `name` varchar(100) COLLATE utf8_bin NOT NULL,
  `category_id` int(11) unsigned NOT NULL,
  `position` tinyint(3) unsigned DEFAULT NULL,
  PRIMARY KEY (`id`),
  KEY `fk_attr_group_category1` (`category_id`)
) ENGINE=InnoDB AUTO_INCREMENT=10 DEFAULT CHARSET=utf8 COLLATE=utf8_bin;

/*Data for the table `product_attribute_groups` */

insert  into `product_attribute_groups`(`id`,`name`,`category_id`,`position`) values (1,'Hard drive attribute group',2,36),(2,'Chipset attribute group',4,27),(3,'SSD attribute group',7,33),(4,'Chip chipsets attribute group',11,35),(5,'SSD hard drives with cool futeres attribute groups',13,33),(6,'Monitor attribute groups',14,15),(7,'LCD Monitors attribute groups',15,36),(8,'Computer attribute groups',16,24),(9,'Computer components attribute groups',17,22);

/*Table structure for table `product_attribute_values` */

DROP TABLE IF EXISTS `product_attribute_values`;

CREATE TABLE `product_attribute_values` (
  `id` int(11) unsigned NOT NULL AUTO_INCREMENT,
  `productId` int(11) unsigned NOT NULL,
  `attributeValues` blob,
  PRIMARY KEY (`id`)
) ENGINE=InnoDB AUTO_INCREMENT=53 DEFAULT CHARSET=utf8 COLLATE=utf8_unicode_ci;

/*Data for the table `product_attribute_values` */

insert  into `product_attribute_values`(`id`,`productId`,`attributeValues`) values (1,1,'\0\0\0\0\0\0c\0	\0\0\0\0\03\0s\0&\00\0s;\0F\0SR\0Sc\0v\0\0\0\0ametColorDepthWidthHeightWeightmaioresvoluptatumconsequaturdignissimosInterface(s)Cache Buffer SizeHard Drive CapacityInternal Or ExternalWarranty Terms - LaborWarranty Terms - PartsMaximum Data Transfer Rate!omnis!White!56!234!454!1!nihil!laborum!et!asperiores!USB 3.0|USB 2.0!6000!1000!External!3!3!5000'),(2,2,'\Z\0_\0\0\0\0\0\0\0S\0\0\0 \0&\0,\03\0c;\0D\0#O\0c\\\0l\0|\0\0S\0\0\0\0\0S(@remoditColorDepthWidtheaqueillumHeightWeightlaborumsuscipitveritatisForm FactorMaximum SpeedMemory Slot TypeProcessor SocketBrand CompatibilityModel CompatibilityComputer ConnectivityNumber Of Memory SlotsWarranty Terms - LaborWarranty Terms - PartsProcessor CompatibilityMaximum Memory SupportedNumber of USB ConnectorsAdditional Accessories Included!accusamus!nihil!Blue!34!34!aut!voluptas!543!4!maiores!officia!sed!ATX!3000!456!Socket LGA 1150!Intel!Mac|Windows!Windows!4!3!3!Intel!32!14!4 SATA cables, I/O shield, 2-way SLI bridge connecto'),(3,3,'\0B\0\0\0\0\0\0\0\r\03\0c\0\0#\0+\05\0?\0J\0CU\0a\0m\0z\03\0\0S\0s\0\0\0\0\n3!SmodisuntColorDepthWidthHeightWeightsapienteAnti-GlareblanditiisCord LengthrepudiandaeAspect RatioDisplay TypeResponse TimeContrast RationecessitatibusBuilt-In WebcamNative ResolutionMaximum ResolutionComputer CompatibilityWarranty Terms - LaborWarranty Terms - PartsAdjustable Stand HeightScreen Size (Measured Diagonally)!maiores!dicta!Blue!56!45!54!3!consequuntur!Y!qui!72!est!16:9!LCD!5!5,000,000:1!eaque!Y!1400:800!1600:900!Intel!1!1!N!22'),(4,4,'\0\0\0\0\0\0s\0\0#\0s\0\0\Z\0\03%\0s+\03\0<\0SK\0Z\0m\0\03\0SauteumColorDepthWidthdolorvitaeHeightWeightdeseruntProcessorProcessor BrandProcessor SpeedSystem Memory (RAM)Warranty Terms - LaborWarranty Terms - PartsSystem Memory (RAM) Expandable To!soluta!temporibus!Gray!5!23!rem!et!234!1!veniam!I5ls!AMD!1900!16!1!1!128'),(5,5,'\0:\0\0\0\03\0\0\0\0\0\0\0\0s\0\0c \0%\0*\03/\04\0#:\0S@\0sH\0T\0Ce\0cv\0\0\0C\0\0\03\0SsetOneTwoUPCcumFiveFourColorDepthThreeWidtherrornihilHeightWeightvoluptasInterface(s)Assembly RequiredCache Buffer SizeDesktop Or LaptopSome vary specificHard Drive CapacityInternal Or ExternalWarranty Terms - LaborWarranty Terms - PartsNumber Of Drives IncludedMaximum Data Transfer RateMinimum System Requirements!id!asdf!adsfas!763649010747!enim!adfar!asdfsad!Silver!45!asdfasd!5!accusamus!modi!65!5!aliquid!SATA!Y!65!Desktop!65!678!Internal!2!2!2!6000!PC: Microsoft 2000 Pro, XP or Vista; Mac: MacBook or MacBook Pro; Intel®-based processor with Mac OS X or Mac mini; Linux'),(6,6,'\0\0\0\0\0\0\0\0C\0\0\0\Z\0s\0%\03+\0S3\0<\0K\0Z\0#m\0C\0c\0auteumColorDepthWidthdolorvitaeHeightWeightdeseruntProcessorProcessor BrandProcessor SpeedSystem Memory (RAM)Warranty Terms - LaborWarranty Terms - PartsSystem Memory (RAM) Expandable To!delectus!voluptatem!Gray!34!43!tenetur!pariatur!45!5!corrupti!AMD Athlon!AMD!2345!8!1!1!64'),(7,7,'\Z\0_\0\0\0\0c\0\0\0\0\03\0c\0 \03&\0c,\03\0;\0CD\0O\0\\\0Sl\0|\0\0\0c\0\0\0	\0#		(	@	remoditColorDepthWidtheaqueillumHeightWeightlaborumsuscipitveritatisForm FactorMaximum SpeedMemory Slot TypeProcessor SocketBrand CompatibilityModel CompatibilityComputer ConnectivityNumber Of Memory SlotsWarranty Terms - LaborWarranty Terms - PartsProcessor CompatibilityMaximum Memory SupportedNumber of USB ConnectorsAdditional Accessories Included!omnis!eum!White!56!54!veniam!nihil!43!3!nam!impedit!eveniet!ATX!3000!54!Socket LGA 1150!Intel!Intel Core i7 Exteme Edition processors!Intel!5!2!2!Intel!64!54!4 SATA cables, I/O shield, 2-way SLI bridge connector'),(8,8,'\0\0\0\0\0\0s\0	\0\0\0\0C\0s\0&\0c0\0;\0F\0SR\0c\0v\0\0\0\0ametColorDepthWidthHeightWeightmaioresvoluptatumconsequaturdignissimosInterface(s)Cache Buffer SizeHard Drive CapacityInternal Or ExternalWarranty Terms - LaborWarranty Terms - PartsMaximum Data Transfer Rate!minima!Silver!34!23!12!43!consectetur!aut!qui!facere!USB!34!1000!External!1!3!4000'),(9,9,'\Z\0_\0\0\0\0\0\0#\0\0\0\0s \0&\03,\0c3\0;\0D\03O\0s\\\0l\0|\0\0S\0\0\03\0S\0(@CremoditColorDepthWidtheaqueillumHeightWeightlaborumsuscipitveritatisForm FactorMaximum SpeedMemory Slot TypeProcessor SocketBrand CompatibilityModel CompatibilityComputer ConnectivityNumber Of Memory SlotsWarranty Terms - LaborWarranty Terms - PartsProcessor CompatibilityMaximum Memory SupportedNumber of USB ConnectorsAdditional Accessories Included!recusandae!soluta!Black!45!43!possimus!deserunt!23!43!hic!qui!eius!ATX!3000!54!Socket LGA 2011!Intel!Intel!Intel!4!1!23!Intel!43!43!6 SATA cables, I/O shield, 2-way SLI bridge connector, two 3-way SLI bridge connectors, 4-way SLI bridge connector, 2-way crossfire bridge connector, 1-to-3 power cable'),(10,10,'\0\0\0\0\0\0C\0\0\0\0#\0S\0\Z\0\0s%\0+\03\0<\0CK\0Z\0m\0\0#\0CauteumColorDepthWidthdolorvitaeHeightWeightdeseruntProcessorProcessor BrandProcessor SpeedSystem Memory (RAM)Warranty Terms - LaborWarranty Terms - PartsSystem Memory (RAM) Expandable To!eos!architecto!43!45!43!quas!assumenda!34!2!aut!AMD!AMD!4000!65!1!2!456'),(11,11,'\0B\0\0\0\0S\0\0\0\r\0\0\0#\0S\0#\0+\05\0?\0cJ\0U\0Ca\0m\0z\0\0\0#\0C\0\0s\0\0\n3!SmodisuntColorDepthWidthHeightWeightsapienteAnti-GlareblanditiisCord LengthrepudiandaeAspect RatioDisplay TypeResponse TimeContrast RationecessitatibusBuilt-In WebcamNative ResolutionMaximum ResolutionComputer CompatibilityWarranty Terms - LaborWarranty Terms - PartsAdjustable Stand HeightScreen Size (Measured Diagonally)!quis!quae!Blue!34!32!32!4!quas!Y!iure!56!temporibus!14:10!LCD!5!10,000,000:1!unde!Y!1600:345!3456:6543!Windows!1!1!N!23'),(12,12,'\0\0\0\0\0\0\0	\0\0\0#\0S\0\0&\00\0;\03F\0sR\0c\0v\0C\0\0\0ametColorDepthWidthHeightWeightmaioresvoluptatumconsequaturdignissimosInterface(s)Cache Buffer SizeHard Drive CapacityInternal Or ExternalWarranty Terms - LaborWarranty Terms - PartsMaximum Data Transfer Rate!voluptas!White!34!12!32!3!ea!et!id!sit!SATA!45!4323!External!1!1!4000'),(13,13,'\0B\0\0\0\0\0\0S\r\0\0\03\0S#\0+\05\0?\0CJ\0sU\0a\0m\03z\0S\0\0s\0\03\0\0\0\n!modisuntColorDepthWidthHeightWeightsapienteAnti-GlareblanditiisCord LengthrepudiandaeAspect RatioDisplay TypeResponse TimeContrast RationecessitatibusBuilt-In WebcamNative ResolutionMaximum ResolutionComputer CompatibilityWarranty Terms - LaborWarranty Terms - PartsAdjustable Stand HeightScreen Size (Measured Diagonally)!voluptatem!molestias!Silver!78!578!2!23!aut!Y!totam!78!et!13:9!LCD!3!5:60:54:3!nostrum!Y!3245:2321!5643:5434!Windows|Mac!4!32!Y!34'),(14,14,'\0\0\0\0\0\0c\0	\0\0\0\03\0\0#\0)\01\03;\0SE\0P\0[\0Sg\0u\0\0C\0c\0eiusColorDepthWidthanimirerumHeightWeightrepellatAnti-GlarecupiditateCord LengthperferendisAspect RatioContrast RatioComputer CompatibilityWarranty Terms - LaborWarranty Terms - PartsAdjustable Stand Height!culpa!Black!234!54!molestiae!reiciendis!34!3!sequi!N!animi!456!rerum!16:9!100,000,000:1!Windows|Mac!2!2!Y'),(15,15,'\Z\0_\0\0\0\03\0\0\0\0#\0S\0\0# \0c&\0,\03\0;\0sD\0O\0\\\03l\0c|\0\03\0\0\0\03\0S(@remoditColorDepthWidtheaqueillumHeightWeightlaborumsuscipitveritatisForm FactorMaximum SpeedMemory Slot TypeProcessor SocketBrand CompatibilityModel CompatibilityComputer ConnectivityNumber Of Memory SlotsWarranty Terms - LaborWarranty Terms - PartsProcessor CompatibilityMaximum Memory SupportedNumber of USB ConnectorsAdditional Accessories Included!ut!deserunt!Black!45!23!similique!est!32!2!nihil!ipsum!non!ATX!456!56!32 GTA!Intel!Intel!Intel!4!1!1!Intel!32!54!some Accessories'),(16,16,'\0\0\0\0\0\0\0C\0s\r\0\0\03\0c#\0*\03\0=\0cH\0#W\0cf\0y\0\03\0S\0s\0\0\0utquivelColorDepthWidthHeightWeightWattageProcessorvoluptatesrepellendusProcessor BrandProcessor SpeedBrand CompatibilityModel CompatibilityOverload ProtectionPower Cord IncludedSystem Memory (RAM)Warranty Terms - LaborWarranty Terms - PartsSystem Memory (RAM) Expandable To!delectus!voluptatum!ut!Yelow!56!12!21!65!110!AMD!sint!repellendus!AMD!5643!AMD!AMD!Y!Y!50!3!2!4567'),(17,17,'\Z\0_\0\0\0\0\0\0\0c\0\0\0 \0&\0,\03\0;\0cD\0O\0\\\03l\0c|\0c\0\0\0#\0S\0s\0(#@SremoditColorDepthWidtheaqueillumHeightWeightlaborumsuscipitveritatisForm FactorMaximum SpeedMemory Slot TypeProcessor SocketBrand CompatibilityModel CompatibilityComputer ConnectivityNumber Of Memory SlotsWarranty Terms - LaborWarranty Terms - PartsProcessor CompatibilityMaximum Memory SupportedNumber of USB ConnectorsAdditional Accessories Included!numquam!placeat!Green!45!45!enim!itaque!45!45!ut!quos!qui!ATX!5643!65!Socket LGA 5643!AMD!AMD!AMD!32!2!2!AMD!4567!54!6 SATA cables, I/O shield, 2-way SLI bridge connector, two 3-way SLI bridge connectors, 4-way SLI bridge connector, 2-way crossfire bridge connector, 1-to-3 power cable'),(18,18,'\0\0\0\0\0C\0\0s\0\0\0\r\0\0\0\0C\0s#\0*\03\0C=\0H\0#W\0f\0y\03\0\0\0\0#\0C\0cutquivelColorDepthWidthHeightWeightWattageProcessorvoluptatesrepellendusProcessor BrandProcessor SpeedBrand CompatibilityModel CompatibilityOverload ProtectionPower Cord IncludedSystem Memory (RAM)Warranty Terms - LaborWarranty Terms - PartsSystem Memory (RAM) Expandable To!est!in!et!Red!45!54!45!43!110!Intel!tenetur!earum!Intel!5467!Intel!Intel!Y!Y!5467!1!1!3465'),(19,19,'\02\0\0\0\0\0\0#	\0\0\03\0c\0$\0*\0C0\07\0@\0#L\0s]\0n\0\0C\0s\0\0S\0s\0\0UPCnonquoColorDepthWidthHeightWeightmagnammaximecommodiquibusdamInterface(s)Assembly RequiredCache Buffer SizeDesktop Or LaptopSome vary specificHard Drive CapacityInternal Or ExternalWarranty Terms - LaborWarranty Terms - PartsNumber Of Drives IncludedMaximum Data Transfer RateMinimum System Requirements!67865443455!atque!dolore!Orange!34!23!43!43!dolores!quia!aut!enim!SATA!Y!435!Laptop!67!6578!External!4!3!3!4567!PC: Windows 2000 Pro, XP, Vista or 7; Mac: Intel®-based processor with Mac OS X; Linux; internal SATA support'),(20,20,'\Z\0_\0\0\0\0\0\0\0\0#\0S\0\0 \0s&\0,\03\0c;\0D\0#O\0c\\\0l\0|\0\0\0S\0\0\0\03(@remoditColorDepthWidtheaqueillumHeightWeightlaborumsuscipitveritatisForm FactorMaximum SpeedMemory Slot TypeProcessor SocketBrand CompatibilityModel CompatibilityComputer ConnectivityNumber Of Memory SlotsWarranty Terms - LaborWarranty Terms - PartsProcessor CompatibilityMaximum Memory SupportedNumber of USB ConnectorsAdditional Accessories Included!aliquam!non!Black!54!56!sed!laboriosam!43!43!incidunt!totam!animi!ATX!345!67!Socket LGA 4543!AMD!AMD!AMD!5!5!3!AMD!5644!41!6 SATA cables, I/O shield, 2-way SLI bridge connector, two 3-way SLI bridge connectors, 4-way SLI bridge connector, 2-way crossfire bridge connector, 1-to-3 power cable'),(21,21,'\0\0\0\0\0\0C\0	\0\0\0\0\0\03\0#\0)\01\0#;\0CE\0P\0[\0#g\0su\0C\0\0\0eiusColorDepthWidthanimirerumHeightWeightrepellatAnti-GlarecupiditateCord LengthperferendisAspect RatioContrast RatioComputer CompatibilityWarranty Terms - LaborWarranty Terms - PartsAdjustable Stand Height!sit!Green!36!54!ut!iste!45!34!non!Y!ratione!23!ea!16:9!10,000,000:1!Linux!1!1!Y'),(22,22,'\0\0\0\0\0\0\0\0\0\03\0s\0\Z\0\0%\0+\03\0c<\0K\0#Z\0sm\0\0\0auteumColorDepthWidthdolorvitaeHeightWeightdeseruntProcessorProcessor BrandProcessor SpeedSystem Memory (RAM)Warranty Terms - LaborWarranty Terms - PartsSystem Memory (RAM) Expandable To!aliquid!sint!Yelow!456!23!alias!voluptas!43!34!libero!I7sdf!Intel!5643!5432!1!32!54345'),(23,23,'\0\0\0\0\0\0\0\0s\0\0\0C\Z\0\0%\0C+\0c3\0<\0K\0SZ\0m\0\0\0auteumColorDepthWidthdolorvitaeHeightWeightdeseruntProcessorProcessor BrandProcessor SpeedSystem Memory (RAM)Warranty Terms - LaborWarranty Terms - PartsSystem Memory (RAM) Expandable To!repudiandae!recusandae!Black!345!43!qui!eligendi!34!5!voluptatem!AMD Athlon 4543!AMD!5464!43!1!1!345'),(24,24,'\0\0\0\0\0\0C\0	\0\0\0\0\0\0c\0#\0)\0#1\0;\0E\0P\0[\0Sg\0u\0s\0\03\0SeiusColorDepthWidthanimirerumHeightWeightrepellatAnti-GlarecupiditateCord LengthperferendisAspect RatioContrast RatioComputer CompatibilityWarranty Terms - LaborWarranty Terms - PartsAdjustable Stand Height!vel!White!65!34!autem!maxime!23!6!culpa!Y!aut!65!sed!23:3!200.456.65.3!Linux|Mac!2!2!N'),(25,25,'\0\0\0\0\0\0c\0\0\0\r\0\0\0#\0S\0#\0*\01\08\0C\0P\0Sc\0x\0\0\03fugaquiaColorDepthWidthHeightWeightaliquiddolorestemporeForm FactorMaximum SpeedBrand CompatibilityComputer ConnectivityWarranty Terms - LaborWarranty Terms - PartsMaximum Memory Supported!iusto!sit!Blue!45!34!543!3!sint!voluptas!et!BPX!5467!Intel!Mac!2!2!656'),(26,26,'\0:\0\0\0\0c\0\0\0\0\0\0S\0\0\0 \0%\0#*\0S/\04\0:\0#@\0SH\0T\0e\0#v\0S\0\0\0C\0\0\03etOneTwoUPCcumFiveFourColorDepthThreeWidtherrornihilHeightWeightvoluptasInterface(s)Assembly RequiredCache Buffer SizeDesktop Or LaptopSome vary specificHard Drive CapacityInternal Or ExternalWarranty Terms - LaborWarranty Terms - PartsNumber Of Drives IncludedMaximum Data Transfer RateMinimum System Requirements!omnis!adf!adflkl!677889990!inventore!lkjl!lkjlkj!Silver!45!lakjlk!54!vitae!qui!54!43!rerum!SATA!Y!54!Laptop!56!4567!Internal!2!2!3!5678!PC: Windows 2000 Pro, XP, Vista or 7; Mac: Intel®-based processor with Mac OS X; Linux; internal SATA support'),(27,27,'\0B\0\0\0\0\0\0\0\r\0#\0c\0\0#\0+\0S5\0s?\0J\0U\03a\0m\0z\0\0\0S\0s\0#\0\0#\0C\ns!modisuntColorDepthWidthHeightWeightsapienteAnti-GlareblanditiisCord LengthrepudiandaeAspect RatioDisplay TypeResponse TimeContrast RationecessitatibusBuilt-In WebcamNative ResolutionMaximum ResolutionComputer CompatibilityWarranty Terms - LaborWarranty Terms - PartsAdjustable Stand HeightScreen Size (Measured Diagonally)!repellat!et!Green!234!34!34!34!porro!Y!aut!87!quae!45:54!LED!4!5000.40000.300.4!quas!Y!12365:4335!3435:5443!Linux!1!32!Y!54'),(28,28,'\0\0\0\0\0\0c\0	\0\0\0\0C\0s\0&\0c0\0S;\0F\0R\0c\0Cv\0\0#\0C\0cametColorDepthWidthHeightWeightmaioresvoluptatumconsequaturdignissimosInterface(s)Cache Buffer SizeHard Drive CapacityInternal Or ExternalWarranty Terms - LaborWarranty Terms - PartsMaximum Data Transfer Rate!sequi!White!4556!32!45!56!consequatur!necessitatibus!et!sit!SATA!45!5566!Internal!2!2!2345'),(29,29,'\0B\0\0\0\0S\0\0\0\r\0\0\03\0c\0#\0+\05\0#?\0J\0U\03a\0m\0z\0\0\0S\0s\0\0\0S\0s\n!modisuntColorDepthWidthHeightWeightsapienteAnti-GlareblanditiisCord LengthrepudiandaeAspect RatioDisplay TypeResponse TimeContrast RationecessitatibusBuilt-In WebcamNative ResolutionMaximum ResolutionComputer CompatibilityWarranty Terms - LaborWarranty Terms - PartsAdjustable Stand HeightScreen Size (Measured Diagonally)!quia!sed!White!234!43!34!43!eos!Y!velit!67!numquam!34:32!LEDq!3!2222.2222.2222!optio!Y!1234:1221!34565:55323!Windows!2!2!Y!45'),(30,30,'\0\0\0\0\0\0S\0\0\0\r\0#\0c\0\0#\0*\01\08\0C\03P\0c\0x\0c\0\0fugaquiaColorDepthWidthHeightWeightaliquiddolorestemporeForm FactorMaximum SpeedBrand CompatibilityComputer ConnectivityWarranty Terms - LaborWarranty Terms - PartsMaximum Memory Supported!odit!soluta!White!445!34!43!43!exercitationem!consequatur!esse!FDS!4455!Windows!Intel!2!2!3333'),(31,31,'\02\0\0\0\0\0\0s	\0C\0\0\0\0C$\0c*\00\0C7\0@\03L\0]\0n\0\0S\0\0\0s\0\0\03UPCnonquoColorDepthWidthHeightWeightmagnammaximecommodiquibusdamInterface(s)Assembly RequiredCache Buffer SizeDesktop Or LaptopSome vary specificHard Drive CapacityInternal Or ExternalWarranty Terms - LaborWarranty Terms - PartsNumber Of Drives IncludedMaximum Data Transfer RateMinimum System Requirements!4433344433344!nesciunt!voluptatibus!Black!454!34!43!4!quos!voluptas!laudantium!sit!SATA!Y!43!Desktop!54!45667!External!2!2!4!56667!PC: Windows 2000 Pro, XP, Vista or 7; Mac: Intel®-based processor with Mac OS X; Linux; internal SATA support'),(32,32,'\0B\0\0\0\0\0\0S\r\0\0\0C\0s#\0+\05\0?\03J\0cU\0a\0m\0#z\0C\0#\0\0\0#\0\0\0\n#!CmodisuntColorDepthWidthHeightWeightsapienteAnti-GlareblanditiisCord LengthrepudiandaeAspect RatioDisplay TypeResponse TimeContrast RationecessitatibusBuilt-In WebcamNative ResolutionMaximum ResolutionComputer CompatibilityWarranty Terms - LaborWarranty Terms - PartsAdjustable Stand HeightScreen Size (Measured Diagonally)!corrupti!perferendis!Black!54433!43!45!43!exercitationem!Y!quaerat!67!hic!4:3!LCD!9!2000.000.3333!tenetur!Y!43:45!345:433!Mac!2!2!Y!12'),(33,33,'\0B\0\0\0\0\0\0\r\0s\0\0\03#\0c+\05\0#?\0SJ\0U\0a\0#m\0cz\0\0s\0\0\0S\0\0c\0\n!modisuntColorDepthWidthHeightWeightsapienteAnti-GlareblanditiisCord LengthrepudiandaeAspect RatioDisplay TypeResponse TimeContrast RationecessitatibusBuilt-In WebcamNative ResolutionMaximum ResolutionComputer CompatibilityWarranty Terms - LaborWarranty Terms - PartsAdjustable Stand HeightScreen Size (Measured Diagonally)!voluptates!porro!Yelow!45565!54!32!23!similique!Y!et!67!sed!23:43!LDK!4!4444.3333.2222!at!Y!909:3234!9090:323!Windows!2!2!Y!45'),(34,34,'\0:\0\0\0\0\0\0\0\0s\0C\0\0\0\0 \03%\0*\0/\04\0:\0@\0H\0cT\0e\0v\0\0\0\0\0\0\0	c	etOneTwoUPCcumFiveFourColorDepthThreeWidtherrornihilHeightWeightvoluptasInterface(s)Assembly RequiredCache Buffer SizeDesktop Or LaptopSome vary specificHard Drive CapacityInternal Or ExternalWarranty Terms - LaborWarranty Terms - PartsNumber Of Drives IncludedMaximum Data Transfer RateMinimum System Requirements!expedita!lkjlk!lsdakfl!999999999933!magnam!akdsl!adsklf!Silver!443!asdkl!45!nemo!libero!34!34!dolores!SATA!Y!34!Desktop!554!5453!External!2!2!34!4564!PC: Windows 2000 Pro, XP, Vista or 7; Mac: Intel®-based processor with Mac OS X; Linux; internal SATA support'),(35,35,'\0\0\0\0\0\0s\0	\0\0\0\0C\0s\0&\00\0;\0F\0SR\0c\0v\03\0\0\0ametColorDepthWidthHeightWeightmaioresvoluptatumconsequaturdignissimosInterface(s)Cache Buffer SizeHard Drive CapacityInternal Or ExternalWarranty Terms - LaborWarranty Terms - PartsMaximum Data Transfer Rate!itaque!Black!345!43!45!56!eius!adipisci!est!expedita!SATA!43!34534!External!2!2!3453'),(36,36,'\0\0\0\0\0\0c\0\0\0\0S\0\0\Z\0#\0c%\0+\03\0<\0cK\0Z\0#m\0S\0s\0auteumColorDepthWidthdolorvitaeHeightWeightdeseruntProcessorProcessor BrandProcessor SpeedSystem Memory (RAM)Warranty Terms - LaborWarranty Terms - PartsSystem Memory (RAM) Expandable To!nihil!deleniti!White!455!45!nihil!est!43!2!est!I65asd!Intel!55656!34!1!1!444'),(37,37,'\0\0\0\0\0\03\0\0\0\r\0\0\03\0c\0#\0*\0#1\0c8\0C\0P\0Sc\0x\0\03\0SfugaquiaColorDepthWidthHeightWeightaliquiddolorestemporeForm FactorMaximum SpeedBrand CompatibilityComputer ConnectivityWarranty Terms - LaborWarranty Terms - PartsMaximum Memory Supported!et!odio!Black!4555!54!45!45!culpa!sit!sunt!DSH!43342!AMD!Windows!2!2!5434'),(38,38,'\Z\0_\0\0\0\03\0\0\0S\0\0\03 \0&\0,\0#3\0s;\0D\0O\0#\\\0sl\0|\0\0\0S\0\0\0#\0C(@	remoditColorDepthWidtheaqueillumHeightWeightlaborumsuscipitveritatisForm FactorMaximum SpeedMemory Slot TypeProcessor SocketBrand CompatibilityModel CompatibilityComputer ConnectivityNumber Of Memory SlotsWarranty Terms - LaborWarranty Terms - PartsProcessor CompatibilityMaximum Memory SupportedNumber of USB ConnectorsAdditional Accessories Included!ea!perspiciatis!Blue!4545!56!dolor!delectus!443!5!vero!ut!est!LDG!3432!56!Socket SDF 5644!Intel!Intel core 7 extreme!Windows!54!2!2!Intel!454!54!6 SATA cables, I/O shield, 2-way SLI bridge connector, two 3-way SLI bridge connectors, 4-way SLI bridge connector, 2-way crossfire bridge connector, 1-to-3 power cable'),(39,39,'\0\0\0\0\0\0S\0	\0\0\0\0C\0\0##\0S)\0s1\0;\0E\0P\0C[\0g\0su\0\03\0S\0seiusColorDepthWidthanimirerumHeightWeightrepellatAnti-GlarecupiditateCord LengthperferendisAspect RatioContrast RatioComputer CompatibilityWarranty Terms - LaborWarranty Terms - PartsAdjustable Stand Height!quos!Yelow!23434!34!voluptates!ut!45!4!ut!Y!quis!65!consequuntur!23:54!44444,3322,4555,3!Mac|Linux!2!2!Y'),(40,40,'\0\0\0\0\0\0\0\0\0c\0\0\Z\0s\0%\0S+\0s3\0<\0K\0Z\03m\0\0\0auteumColorDepthWidthdolorvitaeHeightWeightdeseruntProcessorProcessor BrandProcessor SpeedSystem Memory (RAM)Warranty Terms - LaborWarranty Terms - PartsSystem Memory (RAM) Expandable To!tempora!impedit!Green!989!43!occaecati!molestiae!434!3!fugiat!AMD Athlon!AMD!54354!54353!2!2!34345'),(41,41,'\0\0\0\0\0\0s\0	\0\0\0#\0S\0\0&\00\0;\0F\0R\0c\0#v\0s\0\0#\0CametColorDepthWidthHeightWeightmaioresvoluptatumconsequaturdignissimosInterface(s)Cache Buffer SizeHard Drive CapacityInternal Or ExternalWarranty Terms - LaborWarranty Terms - PartsMaximum Data Transfer Rate!facere!Black!2344!34!43!6!est!doloribus!atque!laudantium!SATA!344!3454!Internal!2!2!4532'),(42,42,'\Z\0_\0\0\0\0C\0\0\0\0\0\03\0c\0 \03&\0c,\03\0;\0D\0cO\0\\\0l\0#|\0#\0\0\0c\0\0\03	(	@	remoditColorDepthWidtheaqueillumHeightWeightlaborumsuscipitveritatisForm FactorMaximum SpeedMemory Slot TypeProcessor SocketBrand CompatibilityModel CompatibilityComputer ConnectivityNumber Of Memory SlotsWarranty Terms - LaborWarranty Terms - PartsProcessor CompatibilityMaximum Memory SupportedNumber of USB ConnectorsAdditional Accessories Included!hic!sed!Yelow!3459!54!libero!animi!34!65!hic!cum!sunt!LDG!4433!98!Socket LDF 5443!Intel!Intel Core i7 Exteme Edition processors!Intel!54!2!2!Intel!4543!54!6 SATA cables, I/O shield, 2-way SLI bridge connector, two 3-way SLI bridge connectors, 4-way SLI bridge connector, 2-way crossfire bridge connector, 1-to-3 power cable'),(43,43,'\02\0\0\0\0\0\0	\0c\0\0#\0S\0$\0*\00\07\0@\0CL\0]\0n\0\0c\0\0\0\0\0\0SUPCnonquoColorDepthWidthHeightWeightmagnammaximecommodiquibusdamInterface(s)Assembly RequiredCache Buffer SizeDesktop Or LaptopSome vary specificHard Drive CapacityInternal Or ExternalWarranty Terms - LaborWarranty Terms - PartsNumber Of Drives IncludedMaximum Data Transfer RateMinimum System Requirements!4389503909!quia!vitae!Black!45565!54!43!5!hic!ea!provident!sapiente!SATA!Y!123!Laptop!345!3454!Internal!3!3!44!34253!PC: Windows 2000 Pro, XP, Vista or 7; Mac: Intel®-based processor with Mac OS X; Linux; internal SATA support'),(44,44,'\0\0\0\0\0\0C\0\0#\r\0s\0\0\0#\0C*\01\08\0SC\0P\0c\0#x\0\0\0fugaquiaColorDepthWidthHeightWeightaliquiddolorestemporeForm FactorMaximum SpeedBrand CompatibilityComputer ConnectivityWarranty Terms - LaborWarranty Terms - PartsMaximum Memory Supported!quo!reprehenderit!Gray!898!54!34!43!odio!eius!dolore!SDL!3443!AMD!Windows!2!2!544'),(45,45,'\02\0\0\0\0\0\0\0	\0#\0\0\0\03$\0c*\0#0\0s7\0@\0SL\0]\0n\0\0\0\03\0\0\0\0CUPCnonquoColorDepthWidthHeightWeightmagnammaximecommodiquibusdamInterface(s)Assembly RequiredCache Buffer SizeDesktop Or LaptopSome vary specificHard Drive CapacityInternal Or ExternalWarranty Terms - LaborWarranty Terms - PartsNumber Of Drives IncludedMaximum Data Transfer RateMinimum System Requirements!3245234523!aut!et!Yelow!9898!34!45!56!consequatur!odit!alias!tempore!SATA!Y!3453!Desktop!4343!3453!Internal!2!2!344!34534!PC: Windows 2000 Pro, XP, Vista or 7; Mac: Intel®-based processor with Mac OS X; Linux; internal SATA support'),(46,46,'\0\0\0\0\0\0C\0	\0\0\0\0\0#\0c\0#\0)\01\0;\0E\0sP\0[\0g\0u\0\0\0\0eiusColorDepthWidthanimirerumHeightWeightrepellatAnti-GlarecupiditateCord LengthperferendisAspect RatioContrast RatioComputer CompatibilityWarranty Terms - LaborWarranty Terms - PartsAdjustable Stand Height!qui!Orange!989!65!aut!rerum!45!4!ratione!Y!consequatur!56!necessitatibus!23:23!544433.322.5544!Windows|Linux!2!2!Y'),(47,47,'\02\0\0\0\0\0\0C	\0\0\0C\0s\0$\0*\00\07\0s@\0L\0#]\0Cn\0s\0\0\0S\0\0\0#\0UPCnonquoColorDepthWidthHeightWeightmagnammaximecommodiquibusdamInterface(s)Assembly RequiredCache Buffer SizeDesktop Or LaptopSome vary specificHard Drive CapacityInternal Or ExternalWarranty Terms - LaborWarranty Terms - PartsNumber Of Drives IncludedMaximum Data Transfer RateMinimum System Requirements!44444554333322!quae!fugiat!Blue!989!34!43!5!voluptatibus!et!laboriosam!illum!SATA!Y!87!989!3453!2342!External!2!2!4353453!4345!PC: Windows XP, Vista, 2000 Pro or 7; Mac: G5 or later processor; Mac OS X 10.2 or later; Linux; Serial ATA interface connector on motherboard of add-in Serial ATA card'),(48,48,'\0:\0\0\0\0\0\0\0\0\0\0c\0\0C \0%\0*\03/\0s4\0:\0@\0H\0CT\0e\0v\0\0c\0\0\0\0\0#	s	etOneTwoUPCcumFiveFourColorDepthThreeWidtherrornihilHeightWeightvoluptasInterface(s)Assembly RequiredCache Buffer SizeDesktop Or LaptopSome vary specificHard Drive CapacityInternal Or ExternalWarranty Terms - LaborWarranty Terms - PartsNumber Of Drives IncludedMaximum Data Transfer RateMinimum System Requirements!quibusdam!lkasdf!asdlfk!4444455666767765!quia!alsdkfl!adflkdl!Green!9898!alsdfk!65!aut!et!78!8!quam!SATA!Y!342!Laptop!456554!345!Internal!2!2!435!3454!PC: Windows XP, Vista, 2000 Pro or 7; Mac: G5 or later processor; Mac OS X 10.2 or later; Linux; Serial ATA interface connector on motherboard of add-in Serial ATA card'),(49,49,'\0:\0\0\0\0c\0\0\0\0C\0\0s\03\0\0# \0%\0*\0#/\0s4\0:\0@\0CH\0T\0Ce\0cv\0\0\0c\0\0S	\0s	\0		#\netOneTwoUPCcumFiveFourColorDepthThreeWidtherrornihilHeightWeightvoluptasInterface(s)Assembly RequiredCache Buffer SizeDesktop Or LaptopSome vary specificHard Drive CapacityInternal Or ExternalWarranty Terms - LaborWarranty Terms - PartsNumber Of Drives IncludedMaximum Data Transfer RateMinimum System Requirements!fugit!alsdfk!asdlfk!3444444444!ratione!asdfalkjsdl!afdlaksl!Black!95869!435839!89!quas!harum!348!89!voluptatum!SATA!Y!332!Laptop!6654!65454!External!2!2!564!5464!PC: Windows XP, Vista, 2000 Pro or 7; Mac: G5 or later processor; Mac OS X 10.2 or later; Linux; Serial ATA interface connector on motherboard of add-in Serial ATA card'),(50,50,'\0\0\0\0\0\03\0	\0\0\0\0\0#\0s\0&\00\0s;\0CF\0R\0c\03v\0s\0\0#\0CametColorDepthWidthHeightWeightmaioresvoluptatumconsequaturdignissimosInterface(s)Cache Buffer SizeHard Drive CapacityInternal Or ExternalWarranty Terms - LaborWarranty Terms - PartsMaximum Data Transfer Rate!et!Orange!3948!57!3498!58!qui!suscipit!voluptatibus!quis!SATA!3498!948!External!3!3!9438523498'),(51,51,'\0+\0\0\0\0\0\0	\0\0C\0 \0Ceiusanimirerumrepellatcupiditateperferendis!temporibus!quia!aut!impedit!dolores!reprehenderit'),(52,52,'\0B\0\0\0\03\0\0\0\r\0C\0\0\0#\0+\05\0?\0SJ\0U\0a\0sm\0z\0\0#\0c\0\0\0\0s\0\n!modisuntColorDepthWidthHeightWeightsapienteAnti-GlareblanditiisCord LengthrepudiandaeAspect RatioDisplay TypeResponse TimeContrast RationecessitatibusBuilt-In WebcamNative ResolutionMaximum ResolutionComputer CompatibilityWarranty Terms - LaborWarranty Terms - PartsAdjustable Stand HeightScreen Size (Measured Diagonally)!ea!laudantium!Black!345!56!43!56!expedita!Y!possimus!54!iure!5584:5435!sdfa!56!54!qui!N!566!54!Windows!2!4!Y!56');

/*Table structure for table `product_attributes` */

DROP TABLE IF EXISTS `product_attributes`;

CREATE TABLE `product_attributes` (
  `id` int(11) unsigned NOT NULL AUTO_INCREMENT,
  `categoryId` int(11) unsigned NOT NULL,
  `name` varchar(100) COLLATE utf8_unicode_ci NOT NULL,
  `filter` enum('Y','N') CHARACTER SET utf8 COLLATE utf8_bin NOT NULL DEFAULT 'N',
  `position` tinyint(3) unsigned NOT NULL DEFAULT '1',
  `template` varchar(50) CHARACTER SET utf8 COLLATE utf8_bin NOT NULL DEFAULT '',
  `type` enum('string','int','bool') COLLATE utf8_unicode_ci NOT NULL DEFAULT 'string',
  PRIMARY KEY (`id`),
  KEY `fk_attr_attr_group1` (`categoryId`),
  KEY `filter` (`filter`)
) ENGINE=InnoDB AUTO_INCREMENT=58 DEFAULT CHARSET=utf8 COLLATE=utf8_unicode_ci;

/*Data for the table `product_attributes` */

insert  into `product_attributes`(`id`,`categoryId`,`name`,`filter`,`position`,`template`,`type`) values (1,14,'Cord Length','Y',18,'mm.','int'),(2,2,'Internal Or External','N',1,'','string'),(3,11,'Memory Slot Type','Y',9,'-pin DIMM','int'),(4,15,'Display Type','Y',2,'','string'),(5,13,'One','Y',7,'MD','string'),(6,2,'Maximum Data Transfer Rate','Y',15,'megabytes per second','int'),(7,7,'Number Of Drives Included','N',10,'','int'),(8,13,'Two','N',6,'V','string'),(9,11,'Model Compatibility','Y',12,'','string'),(10,14,'Contrast Ratio','N',18,'','string'),(11,7,'Some vary specific','N',19,'megabites','int'),(12,15,'Screen Size (Measured Diagonally)','N',9,'\"','int'),(13,16,'Processor Brand','N',13,'®','string'),(14,17,'Brand Compatibility','N',7,'','string'),(15,11,'Number of USB Connectors','N',19,'','int'),(16,4,'Brand Compatibility','N',14,'','string'),(17,2,'Hard Drive Capacity','N',12,'gigabytes','int'),(18,15,'Maximum Resolution','N',16,'','string'),(19,17,'Model Compatibility','N',4,'','string'),(20,15,'Native Resolution','N',11,'','string'),(21,2,'Cache Buffer Size','N',14,'megabytes','int'),(22,4,'Computer Connectivity','Y',8,'','string'),(23,7,'Desktop Or Laptop','Y',15,'','string'),(24,11,'Processor Compatibility','N',1,'','string'),(25,16,'Processor','Y',13,'','string'),(26,13,'Three','N',11,'II','string'),(27,4,'Form Factor','Y',19,'','string'),(28,4,'Maximum Memory Supported','N',15,'gigabites','int'),(29,7,'UPC','N',8,'','string'),(30,14,'Computer Compatibility','Y',4,'','string'),(31,13,'Four','Y',1,'MD','string'),(32,7,'Assembly Required','Y',7,'','bool'),(33,4,'Maximum Speed','N',10,' megahertz','int'),(34,11,'Processor Socket','N',4,'','string'),(35,11,'Additional Accessories Included','Y',4,'','string'),(36,14,'Aspect Ratio','Y',3,'','string'),(37,15,'Built-In Webcam','N',18,'','bool'),(38,16,'Processor Speed','N',8,'GHz','int'),(39,17,'Power Cord Included','N',17,'','bool'),(40,11,'Number Of Memory Slots','N',20,'','int'),(41,7,'Minimum System Requirements','N',16,'','string'),(42,13,'Five','N',8,'III','string'),(43,14,'Adjustable Stand Height','N',4,'','bool'),(44,15,'Response Time','N',7,'ms.','int'),(45,16,'System Memory (RAM)','Y',4,'GB','int'),(46,17,'Wattage','N',20,'watts','int'),(47,17,'Overload Protection','Y',9,'','bool'),(48,16,'System Memory (RAM) Expandable To','Y',19,'GB','int'),(49,2,'Interface(s)','Y',10,'','string'),(50,14,'Anti-Glare','Y',3,'','bool'),(51,1,'Width','Y',2,'mm.','int'),(52,1,'Height','N',2,'mm.','int'),(53,1,'Color','N',3,'','string'),(54,1,'Weight','N',3,'kg.','int'),(55,1,'Warranty Terms - Parts','N',1,'years','int'),(56,1,'Warranty Terms - Labor','N',1,'years','int'),(57,1,'Depth','N',3,'mm.','int');

/*Table structure for table `products` */

DROP TABLE IF EXISTS `products`;

CREATE TABLE `products` (
  `id` int(11) unsigned NOT NULL AUTO_INCREMENT,
  `categoryId` int(11) unsigned DEFAULT NULL,
  `brandId` int(11) unsigned DEFAULT NULL,
  `name` varchar(255) CHARACTER SET utf8 COLLATE utf8_bin DEFAULT NULL,
  `slug` varchar(255) CHARACTER SET utf8 COLLATE utf8_bin DEFAULT NULL,
  `price` int(11) unsigned DEFAULT NULL,
  `active` enum('Y','N') CHARACTER SET utf8 COLLATE utf8_bin DEFAULT 'Y',
  `sku` varchar(100) CHARACTER SET utf8 COLLATE utf8_bin DEFAULT NULL,
  `quantity` int(11) unsigned DEFAULT '0',
  `availability` enum('Y','N') CHARACTER SET utf8 COLLATE utf8_bin DEFAULT 'Y',
  `autoDecreaseQuantity` enum('Y','N') CHARACTER SET utf8 COLLATE utf8_bin DEFAULT 'Y',
  `viewsCount` int(11) unsigned DEFAULT NULL,
  `createdAt` datetime DEFAULT NULL,
  `updatedAt` datetime DEFAULT NULL,
  `addedToCartCount` int(11) unsigned DEFAULT NULL,
  `rating` int(11) unsigned DEFAULT NULL,
  `shortDescription` tinytext COLLATE utf8_unicode_ci,
  `fullDescription` text COLLATE utf8_unicode_ci,
  `attributeValues` text COLLATE utf8_unicode_ci,
  PRIMARY KEY (`id`),
  UNIQUE KEY `url` (`slug`),
  KEY `price` (`price`),
  KEY `is_active` (`active`),
  KEY `sku` (`sku`),
  KEY `created` (`createdAt`),
  KEY `updated` (`updatedAt`),
  KEY `added_to_cart_count` (`addedToCartCount`),
  KEY `views_count` (`viewsCount`),
  KEY `FK_store_product_category` (`categoryId`),
  KEY `brand_id` (`brandId`),
  KEY `availability` (`availability`),
  KEY `rating` (`rating`),
  FULLTEXT KEY `attributeValues` (`attributeValues`)
) ENGINE=InnoDB AUTO_INCREMENT=53 DEFAULT CHARSET=utf8 COLLATE=utf8_unicode_ci;

/*Data for the table `products` */

insert  into `products`(`id`,`categoryId`,`brandId`,`name`,`slug`,`price`,`active`,`sku`,`quantity`,`availability`,`autoDecreaseQuantity`,`viewsCount`,`createdAt`,`updatedAt`,`addedToCartCount`,`rating`,`shortDescription`,`fullDescription`,`attributeValues`) values (1,2,24,'Pariatur adipisci.','pariatur-adipisci-',313,'Y','60680963-abc9-3099-a287-1a54d24ca33e',2,'N','Y',209496,'1998-11-04 13:37:15','2015-05-29 12:58:54',182495,34,'Internal Or External: External, Maximum Data Transfer Rate: 5000, Hard Drive Capacity: 1000, Cache Buffer Size: 6000, Interface(s): USB 3.0|USB 2.0, Width: 234, Height: 454, Color: White, Weight: 1, Warranty Terms - Parts: 3, Warranty Terms - Labor: 3, De','Et error qui sunt ipsum maxime excepturi eaque. Qui a excepturi voluptatibus assumenda non voluptatem. Est quaerat voluptatibus aliquam qui et et.\nAut provident error facere dolorem quia at. At quis explicabo doloremque doloribus. Quis ut libero pariatur et qui tenetur minima. Unde perferendis fuga exercitationem.\nAlias et qui modi similique. Dolor quam nam sapiente sit vel nemo. Necessitatibus natus aperiam quia qui quaerat non. Quasi quis inventore voluptas rem dolor nihil.','InternalOrExternalExternal, MaximumDataTransferRate5000, HardDriveCapacity1000, CacheBufferSize6000, InterfacesUSB30USB20, Width234, Height454, ColorWhite, Weight1, WarrantyTermsParts3, WarrantyTermsLabor3, De'),(2,11,24,'Aperiam rem sed nobis.','aperiam-rem-sed-nobis-',732,'Y','50ea1458-da52-338d-9159-a3d481c44735',2,'N','Y',163027,'1987-09-14 04:03:04','2015-05-29 12:58:54',326384,27,'Memory Slot Type: 456, Model Compatibility: Mac|Windows, Number of USB Connectors: 14, Brand Compatibility: Intel, Computer Connectivity: Windows, Processor Compatibility: Intel, Form Factor: ATX, Maximum Memory Supported: 32, Maximum Speed: 3000, Process','Aperiam magnam quia quibusdam neque placeat dicta. Praesentium fugit cupiditate quia eos aut laudantium veritatis. Eum sunt pariatur et sed.\nVoluptates dicta natus reprehenderit. Repudiandae est eos ducimus temporibus non dignissimos. Repellendus sed harum consequatur vero qui et. Molestiae voluptatum quos delectus quia quia.\nLaborum consequatur optio temporibus ullam. Molestiae quis id amet ab nihil earum nisi corrupti. Corporis aut aut qui in tempore fuga. Eligendi sed velit quia similique architecto ut placeat.\nEum quae et omnis voluptatem at. Delectus dolores vel et adipisci facere velit ut. Autem molestiae incidunt et aut in. Autem non est eum.','MemorySlotType456, ModelCompatibilityMacWindows, NumberofUSBConnectors14, BrandCompatibilityIntel, ComputerConnectivityWindows, ProcessorCompatibilityIntel, FormFactorATX, MaximumMemorySupported32, MaximumSpeed3000, Process'),(3,15,22,'Nemo omnis optio.','nemo-omnis-optio-',338,'Y','ab4a61a0-4366-392c-89e6-4b25ac26822e',1,'Y','N',267947,'2000-09-09 21:07:17','2015-05-29 12:58:54',428465,10,'Cord Length: 72, Display Type: LCD, Contrast Ratio: 5,000,000:1, Screen Size (Measured Diagonally): 22, Maximum Resolution: 1600:900, Native Resolution: 1400:800, Computer Compatibility: Intel, Aspect Ratio: 16:9, Built-In Webcam: Y, Adjustable Stand Heig','Officia quo voluptates quia id voluptas dolorem quibusdam. Cumque quis reiciendis minus et nam aspernatur laborum rerum. Error blanditiis est qui rerum fugit quia optio.\nEt inventore mollitia molestiae. Qui voluptas non delectus quia quia eos. Laboriosam eaque asperiores non. Nihil nihil dolorem totam molestias consequatur aut. Totam amet et et aliquid nostrum esse voluptas.\nLaborum vel est eos aut. Nulla dicta illo id omnis. Ea amet soluta quaerat tempora quam at.','CordLength72, DisplayTypeLCD, ContrastRatio5, 000, 0001, ScreenSizeMeasuredDiagonally22, MaximumResolution1600900, NativeResolution1400800, ComputerCompatibilityIntel, AspectRatio169, BuiltInWebcamY, AdjustableStandHeig'),(4,16,23,'Eius esse fugiat.','eius-esse-fugiat-',1490,'N','3c74c731-b09b-337c-815d-13159f15fffe',4,'N','Y',34832,'1999-01-16 07:51:38','2015-05-29 12:58:54',219187,11,'Processor Brand: AMD, Processor: I5ls, Processor Speed: 1900, System Memory (RAM): 16, System Memory (RAM) Expandable To: 128, Width: 23, Height: 234, Color: Gray, Weight: 1, Warranty Terms - Parts: 1, Warranty Terms - Labor: 1, Depth: 5','Incidunt veritatis corrupti officiis maxime veniam rem. Nihil omnis et id beatae ab repellendus. Aspernatur qui perspiciatis explicabo maiores voluptatem.\nEos est veniam consectetur reprehenderit et nobis maiores. Quis natus corporis ex. Ut saepe voluptates error quo velit itaque.\nMolestiae et quo nam fugiat. Voluptatem eaque minima nemo temporibus fugit. Voluptate aliquid consequatur eius minus.\nEst et dolorem nemo similique sed at. Et eius ratione placeat et. Optio saepe ut eos quod et. Sint atque alias ea provident.\nOdio sint qui architecto. Aut magnam quo voluptatem tenetur iusto ullam non eius. Voluptas laudantium iusto quaerat velit. Expedita ex itaque dolorem tempore.','ProcessorBrandAMD, ProcessorI5ls, ProcessorSpeed1900, SystemMemoryRAM16, SystemMemoryRAMExpandableTo128, Width23, Height234, ColorGray, Weight1, WarrantyTermsParts1, WarrantyTermsLabor1, Depth5'),(5,13,42,'Qui vero vel voluptas.','qui-vero-vel-voluptas-',383,'N','52574856-d6ca-3e3e-91ce-55f456913ba2',2,'N','N',213496,'1995-02-19 09:48:53','2015-05-29 12:58:54',422471,23,'Internal Or External: Internal, One: asdf, Maximum Data Transfer Rate: 6000, Number Of Drives Included: 2, Two: adsfas, Some vary specific: 65, Hard Drive Capacity: 678, Cache Buffer Size: 65, Desktop Or Laptop: Desktop, Three: asdfasd, UPC: 763649010747,','Molestiae fugit est porro aperiam quia. Doloribus ducimus magni ipsa. Consequuntur eaque similique et itaque earum. Adipisci eaque aut aliquid dolor perferendis autem.\nQuod similique eos aut odit officiis aspernatur. Occaecati aut maxime quae ad quo iste ex. Fugit sint ullam sed dolor voluptas ab officia reprehenderit.\nVeritatis at voluptatem consequatur voluptatum eum doloribus error. Suscipit aliquam nisi consequuntur qui.\nRerum est fugiat iusto quia repellendus quasi dolorem voluptatibus. Voluptatem neque magni consequatur reiciendis dolorem voluptatibus veritatis sit. Et officia dolorem voluptatem. Eligendi voluptatem est neque.','InternalOrExternalInternal, Oneasdf, MaximumDataTransferRate6000, NumberOfDrivesIncluded2, Twoadsfas, Somevaryspecific65, HardDriveCapacity678, CacheBufferSize65, DesktopOrLaptopDesktop, Threeasdfasd, UPC763649010747, '),(6,16,22,'Labore et pariatur ullam.','labore-et-pariatur-ullam-',192,'Y','e989d3d3-bf93-33bd-b067-aa29bacc785d',2,'Y','Y',156043,'1988-03-03 18:51:07','2015-05-29 12:58:54',458063,27,'Processor Brand: AMD, Processor: AMD Athlon, Processor Speed: 2345, System Memory (RAM): 8, System Memory (RAM) Expandable To: 64, Width: 43, Height: 45, Color: Gray, Weight: 5, Warranty Terms - Parts: 1, Warranty Terms - Labor: 1, Depth: 34','Alias dolores ipsa ipsum. Est iste aliquid odio numquam tempore libero. Est voluptatem laboriosam repellendus quibusdam distinctio omnis. Rerum perferendis voluptas fuga eum atque voluptas est.\nEnim quis dolor omnis voluptatum hic. Nisi fuga quia fuga quia tempora deleniti non. Amet et officiis est temporibus sapiente fugiat. In explicabo exercitationem veritatis iste.\nSunt qui amet aspernatur est. Esse modi voluptas cupiditate qui sit nihil distinctio. Recusandae iusto et officiis tempore velit animi. Aut libero perspiciatis excepturi consequatur.\nAut et adipisci culpa quo enim qui. Repellendus debitis omnis repudiandae veniam sed. Ducimus quaerat sint magni.','ProcessorBrandAMD, ProcessorAMDAthlon, ProcessorSpeed2345, SystemMemoryRAM8, SystemMemoryRAMExpandableTo64, Width43, Height45, ColorGray, Weight5, WarrantyTermsParts1, WarrantyTermsLabor1, Depth34'),(7,11,33,'Qui at tenetur aliquid.','qui-at-tenetur-aliquid-',4560,'N','5ff04661-a501-3532-90f8-a3d51aaff619',2,'Y','Y',2267,'2007-04-10 13:35:06','2015-05-29 12:58:54',289291,39,'Memory Slot Type: 54, Model Compatibility: Intel Core i7 Exteme Edition processors, Number of USB Connectors: 54, Brand Compatibility: Intel, Computer Connectivity: Intel, Processor Compatibility: Intel, Form Factor: ATX, Maximum Memory Supported: 64, Max','Dolor quas velit provident ducimus dolorem ipsum quidem. Excepturi ut voluptate sit sed minus neque. Eum velit inventore voluptas excepturi ipsam impedit culpa. Cupiditate provident est suscipit dolores ab incidunt quae.\nExcepturi nemo blanditiis voluptatum quasi. Eius est ab officiis accusantium culpa. Corrupti ratione reiciendis deserunt voluptatem.\nQuam minima ut tempora sed harum quibusdam. Perferendis reiciendis voluptas perspiciatis repudiandae est. Amet eligendi a quia vel qui. Id velit accusantium quis est corporis explicabo autem.\nSed corporis magnam deserunt dolore et autem. Minima et quidem qui debitis dolorem fuga. Reprehenderit minima autem animi dicta totam harum enim aperiam.','MemorySlotType54, ModelCompatibilityIntelCorei7ExtemeEditionprocessors, NumberofUSBConnectors54, BrandCompatibilityIntel, ComputerConnectivityIntel, ProcessorCompatibilityIntel, FormFactorATX, MaximumMemorySupported64, Max'),(8,2,6,'Exercitationem sequi rem.','exercitationem-sequi-rem-',1729,'Y','9480378d-146f-346a-bf42-812394860cea',6,'N','Y',91697,'1979-10-04 02:06:58','2015-05-29 12:58:54',280392,83,'Internal Or External: External, Maximum Data Transfer Rate: 4000, Hard Drive Capacity: 1000, Cache Buffer Size: 34, Interface(s): USB, Width: 23, Height: 12, Color: Silver, Weight: 43, Warranty Terms - Parts: 3, Warranty Terms - Labor: 1, Depth: 34','Repellat facilis et omnis quis maiores. Sit optio assumenda quasi pariatur et.\nEnim ab provident quia modi et amet. Nemo maxime et a ipsam ullam sunt. Quis culpa libero labore quam dolores sunt.\nDignissimos est facere et accusamus. Impedit sint itaque numquam exercitationem laboriosam ducimus quia. Esse eum sapiente laborum vitae. Ut ut aliquid autem cupiditate. Omnis minus modi accusamus odit voluptatem ex perferendis.\nConsectetur fugit qui eligendi sed beatae. Natus quia suscipit mollitia eius optio officia. Sit perspiciatis aut non distinctio dolorem ut.','InternalOrExternalExternal, MaximumDataTransferRate4000, HardDriveCapacity1000, CacheBufferSize34, InterfacesUSB, Width23, Height12, ColorSilver, Weight43, WarrantyTermsParts3, WarrantyTermsLabor1, Depth34'),(9,11,8,'Modi corporis ad.','modi-corporis-ad-',3089,'Y','8494f479-13a1-3b56-9e34-3cdb2ddfaed5',2,'N','N',420572,'2005-12-20 02:00:03','2015-05-29 12:58:54',249405,67,'Memory Slot Type: 54, Model Compatibility: Intel, Number of USB Connectors: 43, Brand Compatibility: Intel, Computer Connectivity: Intel, Processor Compatibility: Intel, Form Factor: ATX, Maximum Memory Supported: 43, Maximum Speed: 3000, Processor Socket','Voluptate dolores molestiae voluptates architecto tempore. Aut sapiente reiciendis quos quidem ea culpa eos.\nVoluptatem dicta et cupiditate deleniti non porro autem. Et rerum provident ea.\nItaque qui nulla blanditiis dolor cumque qui quasi nihil. Minus reiciendis rerum a eius non impedit. Et eius tempore quod amet quidem. Eum totam accusamus doloribus placeat veritatis temporibus.\nAutem omnis eum cumque ex et. Saepe in porro voluptate autem tempora. Eum voluptatem illum est id magnam rerum dolor. Reprehenderit ut omnis enim quia autem et.','MemorySlotType54, ModelCompatibilityIntel, NumberofUSBConnectors43, BrandCompatibilityIntel, ComputerConnectivityIntel, ProcessorCompatibilityIntel, FormFactorATX, MaximumMemorySupported43, MaximumSpeed3000, ProcessorSocket'),(10,16,45,'Itaque vero deleniti.','itaque-vero-deleniti-',2498,'Y','73a857dc-1735-3f20-9f4a-c395acf63227',4,'Y','N',3076,'1971-10-31 22:09:27','2015-05-29 12:58:54',157928,37,'Processor Brand: AMD, Processor: AMD, Processor Speed: 4000, System Memory (RAM): 65, System Memory (RAM) Expandable To: 456, Width: 43, Height: 34, Color: 43, Weight: 2, Warranty Terms - Parts: 2, Warranty Terms - Labor: 1, Depth: 45','Eligendi minima voluptatem ea. Natus enim ipsam aut. Ipsam mollitia doloremque omnis.\nDolore aut soluta et voluptatem necessitatibus facilis error ratione. Omnis vel praesentium neque iusto in officia quae. Soluta nam a necessitatibus veritatis error qui fugit et. Nihil at minima quo eum exercitationem.\nEsse nesciunt consequuntur aut. Minus deserunt at saepe. Nam qui est aut quod dolorem at qui. Repellendus qui voluptatum qui aut dolores blanditiis ratione.\nAperiam omnis impedit accusamus nobis ea. Sit et facilis animi error quo. Quidem reprehenderit voluptas dolores velit ducimus expedita et error.','ProcessorBrandAMD, ProcessorAMD, ProcessorSpeed4000, SystemMemoryRAM65, SystemMemoryRAMExpandableTo456, Width43, Height34, Color43, Weight2, WarrantyTermsParts2, WarrantyTermsLabor1, Depth45'),(11,15,36,'Animi placeat.','animi-placeat-',1765,'N','3f79e5cb-5b0a-3a25-8059-79bea44fa94f',4,'N','N',292893,'1991-11-21 20:27:51','2015-05-29 12:58:54',411696,16,'Cord Length: 56, Display Type: LCD, Contrast Ratio: 10,000,000:1, Screen Size (Measured Diagonally): 23, Maximum Resolution: 3456:6543, Native Resolution: 1600:345, Computer Compatibility: Windows, Aspect Ratio: 14:10, Built-In Webcam: Y, Adjustable Stand','Ipsam praesentium quia unde sit consequatur consequatur. Deserunt totam sit ut accusamus assumenda. Adipisci voluptatum quia impedit officiis. Explicabo doloremque sit dolores eaque tempore natus rem.\nEst molestiae fuga non qui magni accusantium. Et laudantium repudiandae reiciendis rem non in. Sit fugit corporis quia totam.\nIpsam et natus nihil beatae. Et expedita dolores esse tempore assumenda iste eos. Libero maiores cumque sed nihil ipsam et. Sed consequuntur sit consequatur doloremque cupiditate.\nAut dicta et et illum qui et. Ut nulla officia impedit laudantium. Id molestiae cupiditate ipsam. Consequatur est nobis facere minima facere numquam voluptatem.','CordLength56, DisplayTypeLCD, ContrastRatio10, 000, 0001, ScreenSizeMeasuredDiagonally23, MaximumResolution34566543, NativeResolution1600345, ComputerCompatibilityWindows, AspectRatio1410, BuiltInWebcamY, AdjustableStand'),(12,2,39,'Quasi accusamus quam ut.','quasi-accusamus-quam-ut-',2283,'Y','9d1b93f4-7ed2-3164-81e6-77e1a833621a',3,'N','N',394058,'2001-07-02 20:59:48','2015-05-29 12:58:54',69468,17,'Internal Or External: External, Maximum Data Transfer Rate: 4000, Hard Drive Capacity: 4323, Cache Buffer Size: 45, Interface(s): SATA, Width: 12, Height: 32, Color: White, Weight: 3, Warranty Terms - Parts: 1, Warranty Terms - Labor: 1, Depth: 34','Commodi sed non et expedita et nihil. Eveniet ipsam cum non vero consequatur. Voluptatem qui explicabo qui ut deleniti a.\nVoluptatem nobis quos nihil suscipit beatae fugiat deserunt. Eos quidem sit est maxime vero. Maxime error cupiditate atque et. Repellat et sequi nostrum sint aut.\nVoluptas consequatur nemo nisi. Sapiente incidunt nulla illum iure voluptatem. Ea et nemo earum voluptatem expedita. Voluptate et illum consequatur illum omnis.','InternalOrExternalExternal, MaximumDataTransferRate4000, HardDriveCapacity4323, CacheBufferSize45, InterfacesSATA, Width12, Height32, ColorWhite, Weight3, WarrantyTermsParts1, WarrantyTermsLabor1, Depth34'),(13,15,21,'Dolore perspiciatis iste quam.','dolore-perspiciatis-iste-quam-',1405,'Y','dcfcb10c-8ea7-3f4e-bebd-d9803bc6904d',2,'N','Y',52594,'1998-11-08 06:50:23','2015-05-29 12:58:54',99069,4,'Cord Length: 78, Display Type: LCD, Contrast Ratio: 5:60:54:3, Screen Size (Measured Diagonally): 34, Maximum Resolution: 5643:5434, Native Resolution: 3245:2321, Computer Compatibility: Windows|Mac, Aspect Ratio: 13:9, Built-In Webcam: Y, Adjustable Stan','Magnam facilis suscipit ipsam debitis consectetur aut. Sed repudiandae tenetur nostrum et distinctio odio qui. Accusantium reiciendis praesentium natus reiciendis.\nQui debitis molestiae et possimus quia fuga ad quia. Voluptatibus qui dolor sit et esse ea. Autem minus qui dolore sunt quis non. Deserunt eligendi ad quidem omnis recusandae maxime.\nMolestiae velit doloremque error eos pariatur omnis autem. Iusto praesentium officia deleniti amet tempora.\nUt nostrum sed hic consectetur. Eligendi aperiam aliquam neque voluptas.\nImpedit et vitae corrupti. Et et et sint deserunt cupiditate. Est expedita praesentium nesciunt. Unde labore dicta nesciunt debitis quia.','CordLength78, DisplayTypeLCD, ContrastRatio560543, ScreenSizeMeasuredDiagonally34, MaximumResolution56435434, NativeResolution32452321, ComputerCompatibilityWindowsMac, AspectRatio139, BuiltInWebcamY, AdjustableStan'),(14,14,26,'Consequatur beatae et amet.','consequatur-beatae-et-amet-',865,'Y','d525a29f-ebb4-3860-8ac6-1a6eb7e110e9',2,'Y','N',226144,'1975-09-02 04:28:44','2015-05-29 12:58:54',254680,44,'Cord Length: 456, Contrast Ratio: 100,000,000:1, Computer Compatibility: Windows|Mac, Aspect Ratio: 16:9, Adjustable Stand Height: Y, Anti-Glare: N, Width: 54, Height: 34, Color: Black, Weight: 3, Warranty Terms - Parts: 2, Warranty Terms - Labor: 2, Dept','Laborum rerum rerum maiores quo dicta ut distinctio. Non expedita iusto enim debitis. Perspiciatis error rerum dignissimos ut.\nQuidem perspiciatis qui mollitia et ut odit cupiditate. Aspernatur ullam deserunt ipsam quidem dolor minus in. Rem beatae officiis beatae qui aut laudantium. Placeat nulla ea perferendis sit porro consequatur.\nAutem voluptatem voluptate vitae animi. Est repellat aut accusantium inventore voluptatem voluptates doloremque.\nQuas quia consequatur consectetur voluptatem doloribus dolorem repellat maiores. Nesciunt quis inventore modi in ex molestiae illo. Placeat consequatur aut et repudiandae ut. Non quo nemo ut aut occaecati quia quis.','CordLength456, ContrastRatio100, 000, 0001, ComputerCompatibilityWindowsMac, AspectRatio169, AdjustableStandHeightY, AntiGlareN, Width54, Height34, ColorBlack, Weight3, WarrantyTermsParts2, WarrantyTermsLabor2, Dept'),(15,11,38,'A ea aut.','a-ea-aut-',4448,'N','9a8b0376-d6d9-369f-b144-4b91baf9b43e',1,'Y','N',381291,'1982-05-27 03:27:10','2015-05-29 12:58:54',102244,97,'Memory Slot Type: 56, Model Compatibility: Intel, Number of USB Connectors: 54, Brand Compatibility: Intel, Computer Connectivity: Intel, Processor Compatibility: Intel, Form Factor: ATX, Maximum Memory Supported: 32, Maximum Speed: 456, Processor Socket:','Dolor dicta voluptatem ut eum sed et. Odit iure corporis illo pariatur dolores perferendis. Quia molestiae voluptas ut. Voluptatem autem laborum culpa voluptatum velit eveniet voluptatem.\nIste omnis sed velit. Quis nihil ab eligendi voluptatibus. Minima praesentium vel dolore. Soluta in saepe illo ducimus similique.\nAssumenda rerum dolor est placeat saepe quae sunt mollitia. Laborum sed libero aperiam ut.\nEst ea qui dolore. Consequatur eius eos tempora fuga est dolores.\nMinima quo nobis expedita quod in tempora ipsum sint. Quam illo quam quia quaerat. Quas fugit totam atque laboriosam cupiditate reiciendis consequatur. Iusto recusandae minima fugiat laudantium.','MemorySlotType56, ModelCompatibilityIntel, NumberofUSBConnectors54, BrandCompatibilityIntel, ComputerConnectivityIntel, ProcessorCompatibilityIntel, FormFactorATX, MaximumMemorySupported32, MaximumSpeed456, ProcessorSocket'),(16,17,25,'Quo dolore dolor minima aut.','quo-dolore-dolor-minima-aut-',156,'Y','e72715f0-727c-36bf-a4c9-bc908aec0163',2,'Y','Y',410397,'1985-03-31 23:46:00','2015-05-29 12:58:54',276458,13,'Processor Brand: AMD, Brand Compatibility: AMD, Model Compatibility: AMD, Processor: AMD, Processor Speed: 5643, Power Cord Included: Y, System Memory (RAM): 50, Wattage: 110, Overload Protection: Y, System Memory (RAM) Expandable To: 4567, Width: 12, Hei','Id dolore fugit omnis aspernatur aut. Vel nemo et amet nostrum nihil. Accusamus sit vel ipsa corporis illo. Vero possimus et dolor a velit beatae.\nVoluptatem dolore architecto minima porro velit dolores earum qui. Aut numquam assumenda et illum. Eum debitis est velit illum eum ex voluptas maxime.\nOmnis maiores non unde voluptas ratione tempora sint. Explicabo unde sed et. Repellendus deserunt totam ut dolorum eveniet corporis maxime.\nLibero sint ex delectus temporibus eos sint. Praesentium et explicabo perferendis voluptatem sed perferendis ducimus sapiente. Sed sit deleniti id sint accusamus eligendi. Tempora dolor et eligendi et.','ProcessorBrandAMD, BrandCompatibilityAMD, ModelCompatibilityAMD, ProcessorAMD, ProcessorSpeed5643, PowerCordIncludedY, SystemMemoryRAM50, Wattage110, OverloadProtectionY, SystemMemoryRAMExpandableTo4567, Width12, Hei'),(17,11,49,'Omnis occaecati quis.','omnis-occaecati-quis-',4749,'N','8b5a5500-0714-3812-ab51-38a8c90db3c1',9,'N','N',130799,'1974-12-26 13:17:25','2015-05-29 12:58:54',455601,34,'Memory Slot Type: 65, Model Compatibility: AMD, Number of USB Connectors: 54, Brand Compatibility: AMD, Computer Connectivity: AMD, Processor Compatibility: AMD, Form Factor: ATX, Maximum Memory Supported: 4567, Maximum Speed: 5643, Processor Socket: Sock','Maiores et ad sed labore ex aut. Quas repellat sed sapiente a rerum ut nam. Placeat possimus aut ea ex. Aliquam ea minima magni ut rerum.\nAsperiores ut eius voluptas quia. Quis ipsum magni nobis. Accusantium numquam delectus officiis debitis corporis.\nSit ea exercitationem est labore inventore molestiae. Laboriosam vitae porro eveniet dignissimos eos labore. Enim recusandae cupiditate voluptatem aperiam voluptatem est autem. Vel quia et nihil alias.\nEa distinctio consequatur tempore fugit natus. Cumque laborum molestiae hic. Ut fugiat id architecto odio excepturi autem temporibus.','MemorySlotType65, ModelCompatibilityAMD, NumberofUSBConnectors54, BrandCompatibilityAMD, ComputerConnectivityAMD, ProcessorCompatibilityAMD, FormFactorATX, MaximumMemorySupported4567, MaximumSpeed5643, ProcessorSocketSock'),(18,17,16,'Explicabo qui aliquam.','explicabo-qui-aliquam-',1938,'N','dc26783f-1b55-3b41-b1b7-175be95f9732',1,'N','Y',449425,'1983-09-07 12:31:50','2015-05-29 12:58:54',333171,39,'Processor Brand: Intel, Brand Compatibility: Intel, Model Compatibility: Intel, Processor: Intel, Processor Speed: 5467, Power Cord Included: Y, System Memory (RAM): 5467, Wattage: 110, Overload Protection: Y, System Memory (RAM) Expandable To: 3465, Widt','Sapiente incidunt deleniti non non. Repellat ipsa facilis id tenetur reiciendis qui non. Sapiente tempore rerum labore laudantium. At expedita non vero optio facere omnis debitis.\nEaque qui est sed sed saepe consequatur perferendis nesciunt. Omnis veniam aut architecto ut inventore laborum autem. Eaque magnam voluptates enim eligendi qui. Autem sint inventore illum libero autem.\nVoluptatem voluptas quod autem architecto. Et dolor et commodi incidunt sit. Optio recusandae molestias architecto natus vero corrupti error.','ProcessorBrandIntel, BrandCompatibilityIntel, ModelCompatibilityIntel, ProcessorIntel, ProcessorSpeed5467, PowerCordIncludedY, SystemMemoryRAM5467, Wattage110, OverloadProtectionY, SystemMemoryRAMExpandableTo3465, Widt'),(19,7,28,'Beatae sit mollitia hic.','beatae-sit-mollitia-hic-',1530,'N','8150d2ca-5469-3113-af71-29b9d1905d02',2,'N','N',476685,'1987-12-31 06:11:58','2015-05-29 12:58:54',86186,38,'Internal Or External: External, Maximum Data Transfer Rate: 4567, Number Of Drives Included: 3, Some vary specific: 67, Hard Drive Capacity: 6578, Cache Buffer Size: 435, Desktop Or Laptop: Laptop, UPC: 67865443455, Assembly Required: Y, Minimum System Re','Nulla iste atque esse illum ad rerum cupiditate itaque. Et quidem amet incidunt ratione doloremque. Pariatur et et alias molestias. Doloremque magni non veritatis.\nQui omnis ab incidunt labore excepturi nostrum enim. Maxime et est ut ullam eius quaerat. Assumenda accusamus debitis est aut doloremque voluptatum a. Dolores autem eaque repudiandae et doloribus ea.\nNon saepe autem dicta aliquam sint enim laborum. Quae quidem non perspiciatis debitis qui. Iure earum sed perferendis ipsam tenetur quia fuga. Nostrum qui vel aliquid.\nVel aspernatur qui unde dignissimos praesentium. Aut a hic sit quidem. Ut fugiat repellendus placeat pariatur. Error recusandae autem praesentium doloremque est totam.','InternalOrExternalExternal, MaximumDataTransferRate4567, NumberOfDrivesIncluded3, Somevaryspecific67, HardDriveCapacity6578, CacheBufferSize435, DesktopOrLaptopLaptop, UPC67865443455, AssemblyRequiredY, MinimumSystemRe'),(20,11,43,'Doloribus voluptatem numquam.','doloribus-voluptatem-numquam-',2030,'N','85e705f0-0916-3c67-85c6-dd10b95833da',1,'Y','Y',367487,'2009-06-29 21:49:10','2015-05-29 12:58:54',376287,46,'Memory Slot Type: 67, Model Compatibility: AMD, Number of USB Connectors: 41, Brand Compatibility: AMD, Computer Connectivity: AMD, Processor Compatibility: AMD, Form Factor: ATX, Maximum Memory Supported: 5644, Maximum Speed: 345, Processor Socket: Socke','Recusandae qui exercitationem non facere nemo doloremque. Dolor inventore fugit voluptates itaque. Error rerum aut rem numquam eius. Nostrum velit reiciendis voluptas aut tempora hic. Et cumque molestiae occaecati accusamus temporibus optio.\nFacere aliquid odit commodi distinctio. Et illum molestiae quis eum minus.\nSit qui est ea et. Doloribus quod ut illo voluptas in nisi eaque. Excepturi dolores amet autem magnam occaecati praesentium dolorum. Dolor rerum eaque aut repellat et magnam tempore.\nUnde ut eaque placeat cumque iusto. Earum ipsum optio beatae distinctio in. Eum a architecto et ex quam eaque dicta.','MemorySlotType67, ModelCompatibilityAMD, NumberofUSBConnectors41, BrandCompatibilityAMD, ComputerConnectivityAMD, ProcessorCompatibilityAMD, FormFactorATX, MaximumMemorySupported5644, MaximumSpeed345, ProcessorSocketSocke'),(21,14,22,'Facilis natus deserunt suscipit.','facilis-natus-deserunt-suscipit-',1418,'Y','02c78827-79c7-3730-8cb3-31e1615b6724',1,'N','N',77317,'1973-10-14 06:15:51','2015-05-29 12:58:54',462363,30,'Cord Length: 23, Contrast Ratio: 10,000,000:1, Computer Compatibility: Linux, Aspect Ratio: 16:9, Adjustable Stand Height: Y, Anti-Glare: Y, Width: 54, Height: 45, Color: Green, Weight: 34, Warranty Terms - Parts: 1, Warranty Terms - Labor: 1, Depth: 36','Nesciunt eaque qui dolore provident. Quasi quaerat vero neque hic. Repudiandae vel aut ipsam perspiciatis et nobis mollitia. Sint velit omnis quos enim consectetur porro.\nSed soluta possimus voluptas voluptate dolores. Blanditiis placeat optio reiciendis ab quia eos. Autem ut nemo dolorem voluptatem quia. Ut voluptatum magni nisi et error enim tempora atque.\nIpsam voluptate adipisci dolore. Placeat fugit aliquid est repellendus nostrum unde mollitia odio. Reprehenderit quis repellendus voluptas aliquam at. Delectus consectetur facilis dolorem voluptatem aut aut animi.','CordLength23, ContrastRatio10, 000, 0001, ComputerCompatibilityLinux, AspectRatio169, AdjustableStandHeightY, AntiGlareY, Width54, Height45, ColorGreen, Weight34, WarrantyTermsParts1, WarrantyTermsLabor1, Depth36'),(22,16,47,'Est quam voluptas.','est-quam-voluptas-',2362,'Y','374903f2-4bc4-3377-b8d4-052a8baf4e6c',1,'Y','N',253168,'1976-09-07 07:32:22','2015-05-29 12:58:54',87013,26,'Processor Brand: Intel, Processor: I7sdf, Processor Speed: 5643, System Memory (RAM): 5432, System Memory (RAM) Expandable To: 54345, Width: 23, Height: 43, Color: Yelow, Weight: 34, Warranty Terms - Parts: 32, Warranty Terms - Labor: 1, Depth: 456','Quidem illo facilis sit cumque. At reprehenderit eum quos est veniam. Molestias vel et sunt. Quod ipsum temporibus accusantium incidunt nihil sequi inventore dicta.\nEa tempora nobis fuga rerum quis. Sed et impedit corrupti aut.\nEum nihil omnis ipsa ut qui excepturi. Consequuntur aut suscipit dolores dolor reprehenderit sunt. Aliquid nulla rerum aliquam fuga vitae recusandae.\nQuidem enim officia voluptas. Corporis autem excepturi et provident laudantium suscipit facilis molestiae. Ut possimus cupiditate sed iste.\nBeatae quia quo quae totam repellendus. Ea quos odio non minima laboriosam. Distinctio repellat cum error ut quia tempore et. Fugit enim ab nisi commodi aut odit labore labore.','ProcessorBrandIntel, ProcessorI7sdf, ProcessorSpeed5643, SystemMemoryRAM5432, SystemMemoryRAMExpandableTo54345, Width23, Height43, ColorYelow, Weight34, WarrantyTermsParts32, WarrantyTermsLabor1, Depth456'),(23,16,44,'Perspiciatis minus voluptas alias.','perspiciatis-minus-voluptas-alias-',4675,'Y','0d671215-48ca-3b61-bc05-3e24971b5fa8',6,'Y','N',267983,'1978-10-17 16:53:04','2015-05-29 12:58:54',82251,42,'Processor Brand: AMD, Processor: AMD Athlon 4543, Processor Speed: 5464, System Memory (RAM): 43, System Memory (RAM) Expandable To: 345, Width: 43, Height: 34, Color: Black, Weight: 5, Warranty Terms - Parts: 1, Warranty Terms - Labor: 1, Depth: 345','Tempore quod quod incidunt quae nihil. Enim voluptatem dicta mollitia sit unde. Quam explicabo consectetur quo est laboriosam expedita sit dolorem.\nQuas natus maiores sed consequuntur ducimus culpa at. Molestias in est nesciunt sit ratione deserunt ullam. Eum aut rerum odit et doloremque.\nDolorem sint animi consectetur quidem vel explicabo reprehenderit. Repellat deleniti ipsum consequatur est in laboriosam. Nobis est veniam voluptas et est accusantium sunt. Voluptas voluptatem reprehenderit ullam dolore sed sed.\nSed iure et repellat aut ratione rerum. Qui libero corrupti autem velit laborum assumenda itaque vel. In aut et aspernatur earum perferendis.','ProcessorBrandAMD, ProcessorAMDAthlon4543, ProcessorSpeed5464, SystemMemoryRAM43, SystemMemoryRAMExpandableTo345, Width43, Height34, ColorBlack, Weight5, WarrantyTermsParts1, WarrantyTermsLabor1, Depth345'),(24,14,31,'Ab qui autem.','ab-qui-autem-',73,'N','d2b646b6-55dc-38f1-ba3d-06bd3837e6a8',3,'Y','N',204094,'2012-07-18 21:42:21','2015-05-29 12:58:54',459156,46,'Cord Length: 65, Contrast Ratio: 200.456.65.3, Computer Compatibility: Linux|Mac, Aspect Ratio: 23:3, Adjustable Stand Height: N, Anti-Glare: Y, Width: 34, Height: 23, Color: White, Weight: 6, Warranty Terms - Parts: 2, Warranty Terms - Labor: 2, Depth: 6','Fugiat est ab ut cupiditate dignissimos. Non aut maiores rem assumenda dolores. Et rerum quaerat accusamus et molestiae dolorem voluptatum odit. Sint ex cumque id beatae ratione maxime et.\nQuidem animi necessitatibus iure quo ut. Inventore porro eaque cum veniam. Rerum quis non provident omnis id iure.\nRerum adipisci explicabo eum aut earum. Quidem aliquid nobis voluptas ea esse ut. Qui adipisci inventore labore consequuntur. Iusto atque harum qui quo.\nSaepe sed saepe sed tempora minima. Aut eligendi possimus sint assumenda incidunt. Amet perspiciatis atque consequuntur ut itaque quasi natus. Distinctio veniam in mollitia et suscipit id quo.','CordLength65, ContrastRatio200456653, ComputerCompatibilityLinuxMac, AspectRatio233, AdjustableStandHeightN, AntiGlareY, Width34, Height23, ColorWhite, Weight6, WarrantyTermsParts2, WarrantyTermsLabor2, Depth6'),(25,4,35,'Voluptatem expedita aut ea.','voluptatem-expedita-aut-ea-',99,'N','733932db-8f74-38b6-a788-b74265c13cf7',5,'Y','N',194146,'2001-06-01 19:50:23','2015-05-29 12:58:54',3644,45,'Brand Compatibility: Intel, Computer Connectivity: Mac, Form Factor: BPX, Maximum Memory Supported: 656, Maximum Speed: 5467, Width: 34, Height: 543, Color: Blue, Weight: 3, Warranty Terms - Parts: 2, Warranty Terms - Labor: 2, Depth: 45','Quo deserunt accusamus at voluptatum nobis a est qui. Aut quia ea rem qui commodi. Et est velit sunt et. Voluptatem eius tempore odit sint tempore.\nQuia repellat ipsa sequi quae expedita alias doloribus tempora. Laborum qui est qui sunt placeat. Qui reprehenderit architecto quia debitis ipsam dolorem qui voluptatem. Ut rerum blanditiis fugiat aut.\nModi corporis quo ut pariatur harum repellendus quae. Itaque qui quis quis pariatur. Quas rerum quia quaerat nemo sit cupiditate sint.\nQuia repellendus et nihil deleniti repudiandae rem. Molestiae autem pariatur dolorem ut facilis. Dolorem sunt sit possimus non qui quia fugit. Animi consequatur quia quia corrupti qui aliquid totam soluta.','BrandCompatibilityIntel, ComputerConnectivityMac, FormFactorBPX, MaximumMemorySupported656, MaximumSpeed5467, Width34, Height543, ColorBlue, Weight3, WarrantyTermsParts2, WarrantyTermsLabor2, Depth45'),(26,13,38,'Quod quis maiores maxime fugiat.','quod-quis-maiores-maxime-fugiat-',256,'Y','6962a1bd-0a8e-3158-98f4-ad9ec352fd4d',1,'N','N',264007,'1971-09-11 15:57:59','2015-05-29 12:58:54',455438,41,'Internal Or External: Internal, One: adf, Maximum Data Transfer Rate: 5678, Number Of Drives Included: 3, Two: adflkl, Some vary specific: 56, Hard Drive Capacity: 4567, Cache Buffer Size: 54, Desktop Or Laptop: Laptop, Three: lakjlk, UPC: 677889990, Four','Quisquam ut non autem. Aut ut aut nemo aliquam animi vitae. Ipsam velit dolorum quis corrupti sit ut.\nDeserunt et omnis aut qui. Consequuntur id optio perspiciatis. Possimus et blanditiis voluptate fuga quod et tenetur. Et voluptate qui pariatur natus.\nQuia optio consectetur enim rerum. Debitis eos mollitia qui ex nemo quia et quia. Tempora ut dicta et dolores modi amet voluptas. Minus est tenetur labore consectetur.\nEt temporibus id eum dolor modi doloribus. Sequi quia perferendis omnis excepturi. Asperiores autem et doloremque nobis. Sequi itaque quo non quis corrupti veniam. Eum voluptatum quia aut ab non.','InternalOrExternalInternal, Oneadf, MaximumDataTransferRate5678, NumberOfDrivesIncluded3, Twoadflkl, Somevaryspecific56, HardDriveCapacity4567, CacheBufferSize54, DesktopOrLaptopLaptop, Threelakjlk, UPC677889990, Four'),(27,15,50,'Facilis expedita a suscipit.','facilis-expedita-a-suscipit-',2886,'N','d7152178-66a8-3e52-a0cd-e4948dc21994',2,'N','N',291803,'2003-09-08 20:40:19','2015-05-29 12:58:54',355883,45,'Cord Length: 87, Display Type: LED, Contrast Ratio: 5000.40000.300.4, Screen Size (Measured Diagonally): 54, Maximum Resolution: 3435:5443, Native Resolution: 12365:4335, Computer Compatibility: Linux, Aspect Ratio: 45:54, Built-In Webcam: Y, Adjustable S','Non blanditiis doloribus velit rerum doloribus molestiae corrupti. Qui eos sunt ut nostrum mollitia quibusdam. Aut aut sit error.\nQuos quaerat molestiae molestiae debitis sint beatae. Sit enim aliquam laborum neque. Dolorem voluptatem velit cum voluptatem sit similique. Expedita est alias illum distinctio cupiditate modi sit totam.\nIncidunt facere quisquam minima. Accusamus doloremque totam et distinctio mollitia quae aliquid. Consequatur dicta beatae et excepturi rerum.\nRem ut et dicta. Sit ut commodi voluptatem eligendi est enim. Tempora tempora sapiente soluta eos aut id dolores doloremque.','CordLength87, DisplayTypeLED, ContrastRatio5000400003004, ScreenSizeMeasuredDiagonally54, MaximumResolution34355443, NativeResolution123654335, ComputerCompatibilityLinux, AspectRatio4554, BuiltInWebcamY, AdjustableS'),(28,2,19,'Inventore debitis repellendus.','inventore-debitis-repellendus-',432,'Y','c7fcf9cd-c395-3816-b705-c94a1979a396',2,'N','Y',200515,'1975-10-20 23:24:58','2015-05-29 12:58:54',361372,30,'Internal Or External: Internal, Maximum Data Transfer Rate: 2345, Hard Drive Capacity: 5566, Cache Buffer Size: 45, Interface(s): SATA, Width: 32, Height: 45, Color: White, Weight: 56, Warranty Terms - Parts: 2, Warranty Terms - Labor: 2, Depth: 4556','Doloribus aut optio eum quam quis odit id voluptatibus. Sit eveniet eos pariatur ut quo et. Nulla qui quas sint maiores. Asperiores velit pariatur perferendis voluptates similique est voluptas.\nQuidem repellendus sit nesciunt blanditiis natus harum. Voluptate natus maiores nemo saepe.\nNeque reprehenderit et consequatur ipsa. Qui asperiores excepturi laudantium nihil eaque. Pariatur sed qui molestiae quia a.\nEst unde dolor quos sequi debitis et. Et libero sit iusto suscipit veritatis id non. Nesciunt ipsa vel molestias ullam voluptates quia. Dignissimos et error doloribus aliquid nulla.','InternalOrExternalInternal, MaximumDataTransferRate2345, HardDriveCapacity5566, CacheBufferSize45, InterfacesSATA, Width32, Height45, ColorWhite, Weight56, WarrantyTermsParts2, WarrantyTermsLabor2, Depth4556'),(29,15,31,'Voluptatum quaerat illo laudantium.','voluptatum-quaerat-illo-laudantium-',4659,'Y','8dc12f7d-3800-3ba0-abbb-486096099701',4,'Y','N',294668,'1976-03-17 13:23:18','2015-05-29 12:58:54',224358,20,'Cord Length: 67, Display Type: LEDq, Contrast Ratio: 2222.2222.2222, Screen Size (Measured Diagonally): 45, Maximum Resolution: 34565:55323, Native Resolution: 1234:1221, Computer Compatibility: Windows, Aspect Ratio: 34:32, Built-In Webcam: Y, Adjustable','Ullam et omnis tenetur corrupti ut culpa. Non adipisci qui recusandae ex voluptatem ratione fuga. Nulla sed voluptate qui id explicabo.\nUnde dolor placeat laboriosam non. Recusandae suscipit sapiente laborum voluptas. Est veniam architecto ducimus quis officiis dolore numquam. Nesciunt qui aspernatur officiis quis quidem neque.\nMinus expedita accusantium quibusdam modi autem commodi ducimus. Amet architecto et aut sapiente et eum. Perferendis sint adipisci officia commodi.\nDoloremque sit nihil debitis natus provident et sed. Aperiam earum nesciunt ullam deleniti voluptatem inventore voluptate. Sapiente officia nulla molestias omnis.','CordLength67, DisplayTypeLEDq, ContrastRatio222222222222, ScreenSizeMeasuredDiagonally45, MaximumResolution3456555323, NativeResolution12341221, ComputerCompatibilityWindows, AspectRatio3432, BuiltInWebcamY, Adjustable'),(30,4,20,'Consequatur tenetur ipsum ut.','consequatur-tenetur-ipsum-ut-',5678,'Y','8667dcd5-bcce-3f1b-ba2f-41b2084a8c42',9,'N','Y',204917,'1972-11-24 02:15:49','2015-05-29 12:58:54',202332,10,'Brand Compatibility: Windows, Computer Connectivity: Intel, Form Factor: FDS, Maximum Memory Supported: 3333, Maximum Speed: 4455, Width: 34, Height: 43, Color: White, Weight: 43, Warranty Terms - Parts: 2, Warranty Terms - Labor: 2, Depth: 445','Porro omnis aliquam maxime distinctio dicta quibusdam. Incidunt omnis veritatis consequatur consequatur fugiat. Facere nesciunt et dolorem possimus. Ea aut esse iusto ut aut accusamus ratione.\nMolestias est fugit porro laudantium. Id blanditiis est soluta nam facilis id. Quam voluptate consectetur modi nulla eveniet eveniet.\nModi culpa fuga quo non labore omnis officiis. Perferendis ipsa est suscipit et. Atque non et et sit consequuntur nostrum eveniet.\nDeleniti qui esse reiciendis minima modi. Voluptas dolorem minima nostrum sint quo porro. Aperiam eos impedit numquam enim quam omnis aut qui.','BrandCompatibilityWindows, ComputerConnectivityIntel, FormFactorFDS, MaximumMemorySupported3333, MaximumSpeed4455, Width34, Height43, ColorWhite, Weight43, WarrantyTermsParts2, WarrantyTermsLabor2, Depth445'),(31,7,9,'Possimus nihil voluptatem voluptas.','possimus-nihil-voluptatem-voluptas-',4170,'Y','63d0981c-657a-3d9b-95c8-7d8b5127b4c1',2,'Y','N',497617,'1971-08-27 22:02:12','2015-05-29 12:58:54',52850,25,'Internal Or External: External, Maximum Data Transfer Rate: 56667, Number Of Drives Included: 4, Some vary specific: 54, Hard Drive Capacity: 45667, Cache Buffer Size: 43, Desktop Or Laptop: Desktop, UPC: 4433344433344, Assembly Required: Y, Minimum Syste','Repellat rerum amet at enim aliquid alias. Id dolores expedita nemo consequuntur temporibus.\nEa recusandae aut in odit nulla quia. Voluptas architecto nihil blanditiis hic. Nisi aut eveniet eligendi praesentium et cupiditate consequatur et.\nRerum deleniti nam accusantium voluptatem et consequatur. Nostrum possimus eum laudantium dolores est voluptatum officia. Voluptate commodi saepe itaque molestiae non commodi aut. Rerum quos adipisci est quasi tenetur.\nExpedita et unde ut est impedit porro facilis. Quisquam eius in tempore est magnam. Quia dolor ut et. Corporis sint pariatur et assumenda voluptatibus accusamus voluptate.','InternalOrExternalExternal, MaximumDataTransferRate56667, NumberOfDrivesIncluded4, Somevaryspecific54, HardDriveCapacity45667, CacheBufferSize43, DesktopOrLaptopDesktop, UPC4433344433344, AssemblyRequiredY, MinimumSyste'),(32,15,8,'Cum velit aliquam tempora.','cum-velit-aliquam-tempora-',649,'Y','1073f18f-69be-3b9a-ba55-e11fba1d2b5f',1,'N','Y',440633,'2012-11-05 15:24:11','2015-05-29 12:58:54',348217,43,'Cord Length: 67, Display Type: LCD, Contrast Ratio: 2000.000.3333, Screen Size (Measured Diagonally): 12, Maximum Resolution: 345:433, Native Resolution: 43:45, Computer Compatibility: Mac, Aspect Ratio: 4:3, Built-In Webcam: Y, Adjustable Stand Height: Y','Sunt aut dolores dicta quam voluptatem. Nulla sunt adipisci corrupti aut. Cum nisi fuga illum quidem quia velit qui. Voluptatem dolor deserunt qui beatae voluptatem animi maiores.\nAnimi facere animi est nihil. Consequatur rerum dolor explicabo ut animi eos.\nOptio totam quos libero quis sint ut. Eveniet explicabo dolores omnis id vitae. Minima fugit laborum voluptas cumque id quaerat. Nam quia quod delectus quibusdam dignissimos assumenda distinctio.\nQuia earum praesentium laudantium sed iure. Reiciendis ad sequi praesentium velit ullam sapiente expedita.\nOmnis ad unde beatae nam eius itaque autem excepturi. Ratione totam officia enim repellendus quas ab eius. Porro eum non sequi adipisci.','CordLength67, DisplayTypeLCD, ContrastRatio20000003333, ScreenSizeMeasuredDiagonally12, MaximumResolution345433, NativeResolution4345, ComputerCompatibilityMac, AspectRatio43, BuiltInWebcamY, AdjustableStandHeightY'),(33,15,10,'Eveniet quia quae id omnis.','eveniet-quia-quae-id-omnis-',4406,'Y','e1bc734d-f0ae-30c1-884a-ec16d69793e2',6,'Y','N',243591,'1990-09-12 20:13:45','2015-05-29 12:58:54',240288,12,'Cord Length: 67, Display Type: LDK, Contrast Ratio: 4444.3333.2222, Screen Size (Measured Diagonally): 45, Maximum Resolution: 9090:323, Native Resolution: 909:3234, Computer Compatibility: Windows, Aspect Ratio: 23:43, Built-In Webcam: Y, Adjustable Stan','Doloribus tempore temporibus asperiores. Qui maxime enim et et at velit. Itaque excepturi autem provident est.\nVel hic modi aut voluptas laudantium aut debitis. Facilis quibusdam odit maxime dignissimos. Animi odit aliquam eos voluptatem minus aut.\nQuia eum qui in est. Repellendus ut non in at soluta numquam dolore. Exercitationem aut molestiae pariatur ex.\nSit fugiat quo cupiditate modi commodi sapiente quaerat. Nemo provident neque eligendi exercitationem dolores qui sed.\nVoluptatem ullam accusantium et soluta laboriosam pariatur. Incidunt dolore in molestias perferendis. Fugiat vitae et et. Sint distinctio ducimus expedita adipisci sint.','CordLength67, DisplayTypeLDK, ContrastRatio444433332222, ScreenSizeMeasuredDiagonally45, MaximumResolution9090323, NativeResolution9093234, ComputerCompatibilityWindows, AspectRatio2343, BuiltInWebcamY, AdjustableStan'),(34,13,28,'Non dolor quam.','non-dolor-quam-',63,'Y','559fd9a3-fa2d-32e1-9fea-11bed491029c',4,'N','Y',384860,'1997-01-04 06:56:25','2015-05-29 12:58:54',263208,15,'Internal Or External: External, One: lkjlk, Maximum Data Transfer Rate: 4564, Number Of Drives Included: 34, Two: lsdakfl, Some vary specific: 554, Hard Drive Capacity: 5453, Cache Buffer Size: 34, Desktop Or Laptop: Desktop, Three: asdkl, UPC: 9999999999','Dolor sint ullam eius. Deserunt corrupti amet deserunt provident recusandae. Laborum et corporis voluptatem ut.\nQuas aut odio id. Neque dolor consequatur animi eaque unde facere ipsam. Eos aut eius ratione dolore aut ea.\nQuaerat rem blanditiis est repellendus sed nobis. Unde est animi totam impedit alias nemo velit dicta. Officia aut sequi nihil aut. Nesciunt totam ipsam consectetur earum ex.\nQuis ut ducimus nulla quia natus ipsum. Optio ea alias unde vitae voluptas quis enim. In odio rerum aspernatur deserunt necessitatibus. Odio non id mollitia aut et.\nTemporibus sit ducimus eius rerum. Ratione officia at ratione. Fugiat magni magnam similique est autem velit deserunt.','InternalOrExternalExternal, Onelkjlk, MaximumDataTransferRate4564, NumberOfDrivesIncluded34, Twolsdakfl, Somevaryspecific554, HardDriveCapacity5453, CacheBufferSize34, DesktopOrLaptopDesktop, Threeasdkl, UPC9999999999'),(35,2,37,'Voluptas aut ut fuga.','voluptas-aut-ut-fuga-',3826,'Y','58028fa1-9694-3f97-a2a8-e1a183680a31',2,'N','N',259097,'2014-09-11 21:39:59','2015-05-29 12:58:54',14739,25,'Internal Or External: External, Maximum Data Transfer Rate: 3453, Hard Drive Capacity: 34534, Cache Buffer Size: 43, Interface(s): SATA, Width: 43, Height: 45, Color: Black, Weight: 56, Warranty Terms - Parts: 2, Warranty Terms - Labor: 2, Depth: 345','Perferendis rerum nostrum et corrupti ea hic voluptatem. Molestiae dolorem beatae qui reprehenderit quo nostrum. Odit reiciendis eius non in maxime. Id quasi sint dolor aliquid. Cupiditate provident nesciunt suscipit qui.\nQuia molestias quisquam quisquam sed. Voluptatibus totam ad sint suscipit. Laudantium et quia eos sequi repellendus in voluptas.\nFugiat ut sed quam aliquid in. Dolorem veritatis rerum est et. Deserunt et ea et similique numquam vel.\nOdio nihil molestias voluptatem et dicta. Quam quas ea sit eligendi sit aspernatur pariatur. Dolorem distinctio necessitatibus accusantium deleniti expedita aperiam aperiam accusantium. Nobis a expedita fugiat odit.','InternalOrExternalExternal, MaximumDataTransferRate3453, HardDriveCapacity34534, CacheBufferSize43, InterfacesSATA, Width43, Height45, ColorBlack, Weight56, WarrantyTermsParts2, WarrantyTermsLabor2, Depth345'),(36,16,9,'Sunt itaque omnis quo.','sunt-itaque-omnis-quo-',920,'Y','e3427d68-9e45-37b8-91d8-2657e7c92593',1,'Y','Y',435899,'2006-08-22 08:48:12','2015-05-29 12:58:54',36094,10,'Processor Brand: Intel, Processor: I65asd, Processor Speed: 55656, System Memory (RAM): 34, System Memory (RAM) Expandable To: 444, Width: 45, Height: 43, Color: White, Weight: 2, Warranty Terms - Parts: 1, Warranty Terms - Labor: 1, Depth: 455','Ut non natus nihil ab repellat omnis in consequatur. Ratione quod suscipit velit ab amet. Repellendus quo commodi quaerat eius aliquid accusantium.\nAutem fuga nostrum est atque ab accusantium. Sit et voluptas facere perspiciatis molestias exercitationem. Voluptatibus facilis quos suscipit voluptates ut cum. Aspernatur culpa aperiam et expedita tempore.\nVelit soluta eum modi assumenda. Et quaerat expedita enim rerum possimus voluptas.\nAliquid asperiores eaque possimus sit doloremque. Id necessitatibus sequi beatae est harum placeat aspernatur iusto. Similique eum quos similique inventore error numquam. Explicabo autem quia maiores provident.','ProcessorBrandIntel, ProcessorI65asd, ProcessorSpeed55656, SystemMemoryRAM34, SystemMemoryRAMExpandableTo444, Width45, Height43, ColorWhite, Weight2, WarrantyTermsParts1, WarrantyTermsLabor1, Depth455'),(37,4,29,'Explicabo corrupti quam nulla.','explicabo-corrupti-quam-nulla-',2574,'N','f5ae6ece-ad9b-3908-9992-3dba049130e8',6,'Y','Y',393492,'1996-01-09 21:35:56','2015-05-29 12:58:54',178199,44,'Brand Compatibility: AMD, Computer Connectivity: Windows, Form Factor: DSH, Maximum Memory Supported: 5434, Maximum Speed: 43342, Width: 54, Height: 45, Color: Black, Weight: 45, Warranty Terms - Parts: 2, Warranty Terms - Labor: 2, Depth: 4555','Molestias quia qui animi. Illo impedit molestiae id quo tempore aut. Eum dolores doloremque ipsam nesciunt a sequi ut. Itaque incidunt veritatis eaque ea.\nSapiente reiciendis provident mollitia rem reprehenderit placeat inventore. Tempore sequi velit quo reiciendis impedit. Neque et ratione qui adipisci qui pariatur. Autem sit repudiandae possimus.\nMollitia corporis aut reiciendis inventore. Quibusdam in at quod ut accusamus iste. Laborum aut maxime qui commodi aut quia.\nOdio recusandae autem et neque. Qui repellendus nesciunt officiis sunt. Ullam sed necessitatibus quidem esse distinctio aut. Aut ut sed cumque molestiae cupiditate ea.','BrandCompatibilityAMD, ComputerConnectivityWindows, FormFactorDSH, MaximumMemorySupported5434, MaximumSpeed43342, Width54, Height45, ColorBlack, Weight45, WarrantyTermsParts2, WarrantyTermsLabor2, Depth4555'),(38,11,15,'Illum temporibus et officia.','illum-temporibus-et-officia-',766,'N','7a398c6a-0892-3286-a154-5a3632e8c77b',7,'N','N',452538,'1978-04-28 03:08:59','2015-05-29 12:58:54',48658,23,'Memory Slot Type: 56, Model Compatibility: Intel core 7 extreme, Number of USB Connectors: 54, Brand Compatibility: Intel, Computer Connectivity: Windows, Processor Compatibility: Intel, Form Factor: LDG, Maximum Memory Supported: 454, Maximum Speed: 3432','Ut tempora esse quo sint blanditiis blanditiis. Magni minus ea repellendus explicabo consequuntur amet cupiditate. Error consectetur assumenda explicabo amet.\nLaudantium aut est odio in. Error autem quia autem voluptas id suscipit provident.\nEnim eius consequatur odit enim natus maiores quos. Commodi quaerat nemo et fugiat consequatur repudiandae vel. Laudantium quia quaerat ipsam est voluptate quia architecto.\nIure enim corporis debitis nihil voluptatem eos minus. Rerum deleniti culpa reprehenderit. Tempore libero fugit soluta mollitia ea cumque.','MemorySlotType56, ModelCompatibilityIntelcore7extreme, NumberofUSBConnectors54, BrandCompatibilityIntel, ComputerConnectivityWindows, ProcessorCompatibilityIntel, FormFactorLDG, MaximumMemorySupported454, MaximumSpeed3432'),(39,14,8,'Repellat sit debitis.','repellat-sit-debitis-',465,'N','0d89384a-746a-3694-b9b0-8375107e60c5',2,'Y','N',101441,'1989-11-07 21:17:28','2015-05-29 12:58:54',109746,28,'Cord Length: 65, Contrast Ratio: 44444,3322,4555,3, Computer Compatibility: Mac|Linux, Aspect Ratio: 23:54, Adjustable Stand Height: Y, Anti-Glare: Y, Width: 34, Height: 45, Color: Yelow, Weight: 4, Warranty Terms - Parts: 2, Warranty Terms - Labor: 2, De','Cum quam ducimus aut provident placeat. Eum sed quisquam asperiores fugiat consequuntur possimus. Ut eius autem mollitia animi. Quis qui consequatur deleniti. Aut alias nulla nihil dicta ad.\nDolor assumenda totam laborum. Delectus aperiam quae id non. Et veritatis et alias officia nisi quia non.\nDeleniti aut voluptates asperiores voluptate dolor adipisci. Accusamus modi quod eaque adipisci est. Officiis ad vitae expedita quis iusto nulla iste temporibus.','CordLength65, ContrastRatio44444, 3322, 4555, 3, ComputerCompatibilityMacLinux, AspectRatio2354, AdjustableStandHeightY, AntiGlareY, Width34, Height45, ColorYelow, Weight4, WarrantyTermsParts2, WarrantyTermsLabor2, De'),(40,16,45,'Enim magnam accusamus.','enim-magnam-accusamus-',2368,'Y','9a442435-f34a-3374-8ebb-d4120f951b45',4,'N','Y',4062,'2002-12-25 21:49:42','2015-05-29 12:58:54',4651,22,'Processor Brand: AMD, Processor: AMD Athlon, Processor Speed: 54354, System Memory (RAM): 54353, System Memory (RAM) Expandable To: 34345, Width: 43, Height: 434, Color: Green, Weight: 3, Warranty Terms - Parts: 2, Warranty Terms - Labor: 2, Depth: 989','Debitis itaque consequatur delectus et debitis. Deserunt corrupti exercitationem sequi qui nihil.\nUnde sint rerum voluptatem molestias ab velit. Non rerum enim praesentium dolor voluptas. Non dicta quos exercitationem laborum porro vero. Quia quos non veritatis mollitia sed repellat doloremque.\nUt et eum sequi aut dignissimos saepe. Velit corporis eos illo vel et. Assumenda fugit ipsam animi. Totam odio accusamus nisi voluptas.\nTemporibus dignissimos fuga tenetur quod nobis rem. Beatae vitae perferendis voluptatem dolorem et. Qui totam voluptates nostrum omnis. Eveniet qui eos enim enim. Corrupti explicabo repellat minus omnis aut.','ProcessorBrandAMD, ProcessorAMDAthlon, ProcessorSpeed54354, SystemMemoryRAM54353, SystemMemoryRAMExpandableTo34345, Width43, Height434, ColorGreen, Weight3, WarrantyTermsParts2, WarrantyTermsLabor2, Depth989'),(41,2,22,'Id corporis tenetur.','id-corporis-tenetur-',1903,'Y','157f5328-6ee9-3fff-a59b-84bec7f981d6',78,'Y','N',143223,'2013-06-14 23:08:49','2015-05-29 12:58:54',13955,14,'Internal Or External: Internal, Maximum Data Transfer Rate: 4532, Hard Drive Capacity: 3454, Cache Buffer Size: 344, Interface(s): SATA, Width: 34, Height: 43, Color: Black, Weight: 6, Warranty Terms - Parts: 2, Warranty Terms - Labor: 2, Depth: 2344','Voluptas reprehenderit est dignissimos possimus et aut rerum. Doloremque magnam officia autem repellat ducimus minima modi. Rerum commodi ratione omnis quia. Consequatur voluptatum quisquam doloremque itaque nihil ea culpa praesentium.\nOmnis vero itaque voluptas. Modi repellendus blanditiis dicta consequatur velit. Qui molestiae voluptatem voluptatem quia quisquam. Enim nam tempore omnis maxime et eligendi itaque.\nEligendi cumque non provident sunt consequatur est ratione. Porro excepturi vero nobis eum corporis. Atque rerum ratione nemo praesentium.\nVoluptatem quas est nostrum qui quisquam. Veritatis ea quaerat omnis illum alias. Odit amet sit delectus. In recusandae culpa rerum.','InternalOrExternalInternal, MaximumDataTransferRate4532, HardDriveCapacity3454, CacheBufferSize344, InterfacesSATA, Width34, Height43, ColorBlack, Weight6, WarrantyTermsParts2, WarrantyTermsLabor2, Depth2344'),(42,11,47,'Ad in aperiam.','ad-in-aperiam-',381,'N','a9a6db79-b575-32da-88c4-2bd8832174d7',4,'Y','Y',35663,'2015-01-02 05:43:40','2015-05-29 12:58:54',66869,31,'Memory Slot Type: 98, Model Compatibility: Intel Core i7 Exteme Edition processors, Number of USB Connectors: 54, Brand Compatibility: Intel, Computer Connectivity: Intel, Processor Compatibility: Intel, Form Factor: LDG, Maximum Memory Supported: 4543, M','Nihil nihil enim et natus accusantium et omnis. Dolores dolorem deserunt molestiae repudiandae impedit et accusamus. Est laboriosam quibusdam qui deleniti quod ipsum. Quod vitae rerum neque id aut.\nLaudantium assumenda facere iste recusandae et molestiae. Mollitia atque laudantium excepturi fuga corporis. Id voluptatibus consequatur autem doloribus perferendis.\nSaepe molestiae aut est laborum vel asperiores eos. Facere saepe voluptatem vitae magnam reprehenderit. Nesciunt nisi est consectetur occaecati debitis at sit.\nTenetur vel error cupiditate hic voluptatem ducimus. Eum cum impedit ipsam corrupti. Sed accusantium hic omnis magni voluptatum et ab.','MemorySlotType98, ModelCompatibilityIntelCorei7ExtemeEditionprocessors, NumberofUSBConnectors54, BrandCompatibilityIntel, ComputerConnectivityIntel, ProcessorCompatibilityIntel, FormFactorLDG, MaximumMemorySupported4543, M'),(43,7,35,'Officiis corporis repellat.','officiis-corporis-repellat-',276,'Y','16d9238f-7fe0-3830-a97b-7efcb6a8ff32',9,'N','N',434270,'1977-09-03 13:26:35','2015-05-29 12:58:54',367640,38,'Internal Or External: Internal, Maximum Data Transfer Rate: 34253, Number Of Drives Included: 44, Some vary specific: 345, Hard Drive Capacity: 3454, Cache Buffer Size: 123, Desktop Or Laptop: Laptop, UPC: 4389503909, Assembly Required: Y, Minimum System ','Hic tempora pariatur voluptas consequuntur esse. Corrupti deleniti dolore et repellat. Soluta amet ipsum sequi facere saepe aut sint. Eos omnis autem tempore asperiores temporibus. Officiis sed illum sed repudiandae.\nEnim perspiciatis deserunt corporis veritatis similique natus. Tempore voluptas aliquam ad. Et enim qui dolor quos atque est.\nAssumenda autem voluptatem fugiat. Itaque quos vero blanditiis. Cupiditate delectus sit nihil quis quo.\nEst magni aut error. Sunt nihil quasi enim. Ea minima sed et. Cumque animi harum in sed.\nIusto impedit laudantium temporibus id est. Cumque fugiat fuga velit maxime dolor facere. Commodi illo ut quaerat ipsum quia.','InternalOrExternalInternal, MaximumDataTransferRate34253, NumberOfDrivesIncluded44, Somevaryspecific345, HardDriveCapacity3454, CacheBufferSize123, DesktopOrLaptopLaptop, UPC4389503909, AssemblyRequiredY, MinimumSystem'),(44,4,20,'Qui odit velit quia.','qui-odit-velit-quia-',2117,'Y','f95fbf77-9d71-35cd-bc47-adcca35d1a1d',5,'Y','Y',183884,'1994-06-22 15:41:39','2015-05-29 12:58:54',192123,36,'Brand Compatibility: AMD, Computer Connectivity: Windows, Form Factor: SDL, Maximum Memory Supported: 544, Maximum Speed: 3443, Width: 54, Height: 34, Color: Gray, Weight: 43, Warranty Terms - Parts: 2, Warranty Terms - Labor: 2, Depth: 898','Molestias consectetur dolor repudiandae temporibus iusto. Dolor explicabo asperiores tenetur. Illum ipsam eum velit ipsa sed.\nAtque deleniti consequatur dicta est nam tempore. Dolores doloremque vel quibusdam sed officia. Aperiam maiores omnis ad possimus sint. Sapiente ex vel ut est.\nOmnis aut asperiores perspiciatis. Fugit tempora voluptate aut. Possimus iure quia possimus laborum maxime officia. Quo neque omnis reiciendis quos. Beatae temporibus maiores consequuntur aperiam.\nAut quia distinctio nisi vel iure aut. Sit facilis soluta rerum quo et in. Quis quam qui repellat fugit et ipsa saepe. Occaecati facere explicabo enim quasi.','BrandCompatibilityAMD, ComputerConnectivityWindows, FormFactorSDL, MaximumMemorySupported544, MaximumSpeed3443, Width54, Height34, ColorGray, Weight43, WarrantyTermsParts2, WarrantyTermsLabor2, Depth898'),(45,7,3,'Aliquid eius minima.','aliquid-eius-minima-',3011,'N','216de837-91ca-323e-8b8f-0672c60bb996',3,'Y','Y',278472,'1985-09-08 11:39:44','2015-05-29 12:58:54',242765,32,'Internal Or External: Internal, Maximum Data Transfer Rate: 34534, Number Of Drives Included: 344, Some vary specific: 4343, Hard Drive Capacity: 3453, Cache Buffer Size: 3453, Desktop Or Laptop: Desktop, UPC: 3245234523, Assembly Required: Y, Minimum Sys','Aut voluptatem inventore sapiente magnam mollitia. Consequatur rerum voluptatibus tenetur eos quidem voluptas. Et debitis quo nam ducimus sequi corporis vero non. Accusantium recusandae voluptas nesciunt eaque inventore voluptatibus.\nOmnis eum delectus voluptates consequuntur aut aut. Et velit molestiae voluptate. Occaecati nesciunt excepturi saepe voluptates et voluptatum. Delectus quam non qui illum.\nQuo maxime et amet enim accusamus. Et eius fuga consequuntur possimus qui voluptates beatae. Eius unde reprehenderit dolore nihil omnis placeat. Aperiam perspiciatis molestiae voluptatem dolor perspiciatis illo dicta. Dolorem officiis atque vel.','InternalOrExternalInternal, MaximumDataTransferRate34534, NumberOfDrivesIncluded344, Somevaryspecific4343, HardDriveCapacity3453, CacheBufferSize3453, DesktopOrLaptopDesktop, UPC3245234523, AssemblyRequiredY, MinimumSys'),(46,14,47,'Autem architecto eos.','autem-architecto-eos-',4550,'N','9796a223-4262-34da-94b4-5caa7b138b28',4,'N','N',105415,'1989-10-20 12:34:55','2015-05-29 12:58:54',54295,47,'Cord Length: 56, Contrast Ratio: 544433.322.5544, Computer Compatibility: Windows|Linux, Aspect Ratio: 23:23, Adjustable Stand Height: Y, Anti-Glare: Y, Width: 65, Height: 45, Color: Orange, Weight: 4, Warranty Terms - Parts: 2, Warranty Terms - Labor: 2,','Corporis perspiciatis expedita ratione possimus. Numquam et minus voluptates. Et temporibus sed est quibusdam necessitatibus. Fugit beatae ipsam voluptas dolor repudiandae.\nDelectus quo cumque omnis enim quia veritatis ad autem. Neque qui voluptatem aut labore omnis ipsum ut. Voluptatem aliquam sed non ea qui. Quia nihil adipisci eveniet sit dicta minus eveniet.\nDolorem temporibus voluptatem debitis ratione in eveniet hic sit. Sit debitis voluptatem adipisci voluptatem cum voluptatibus ex. Molestiae architecto ut quidem ut molestias.\nMagni quia qui sed dolore est deleniti. Sunt autem corporis et ullam voluptatem fugit. Deleniti voluptatem quos sit quaerat neque et et sapiente.','CordLength56, ContrastRatio5444333225544, ComputerCompatibilityWindowsLinux, AspectRatio2323, AdjustableStandHeightY, AntiGlareY, Width65, Height45, ColorOrange, Weight4, WarrantyTermsParts2, WarrantyTermsLabor2, '),(47,7,15,'Deleniti rerum veniam.','deleniti-rerum-veniam-',1750,'Y','83c515ea-46cb-3852-b56c-b674d35d7b2e',1,'Y','N',105851,'1976-08-23 05:11:30','2015-05-29 12:58:54',154033,34,'Internal Or External: External, Maximum Data Transfer Rate: 4345, Number Of Drives Included: 4353453, Some vary specific: 3453, Hard Drive Capacity: 2342, Cache Buffer Size: 87, Desktop Or Laptop: 989, UPC: 44444554333322, Assembly Required: Y, Minimum Sy','Quae minus nesciunt quia. Culpa dolore recusandae sapiente culpa. Earum cumque est autem iste harum voluptas. Expedita repudiandae excepturi dolorem provident dolor debitis et.\nDeleniti ex eaque corrupti est et. Vel ad perferendis explicabo suscipit incidunt libero quia. Quia dolorem laboriosam quo.\nFacere perferendis id blanditiis autem. Maiores expedita sed officia illum eos voluptatem excepturi et.\nFugit corrupti fuga eos et. Est dolorem sed occaecati ipsa mollitia libero voluptas. Iusto soluta ut eveniet iure nostrum aut inventore.\nSit sit error cum. Perspiciatis voluptas harum deserunt ratione mollitia. Est ipsum sint doloremque ex. Perferendis omnis provident nihil.','InternalOrExternalExternal, MaximumDataTransferRate4345, NumberOfDrivesIncluded4353453, Somevaryspecific3453, HardDriveCapacity2342, CacheBufferSize87, DesktopOrLaptop989, UPC44444554333322, AssemblyRequiredY, MinimumSy'),(48,13,23,'Quisquam dolore doloremque.','quisquam-dolore-doloremque-',1874,'Y','42dd87fd-dece-3727-a9b7-8a1545959b5e',3,'Y','Y',243777,'1995-02-16 01:24:49','2015-05-29 12:58:54',290270,15,'Internal Or External: Internal, One: lkasdf, Maximum Data Transfer Rate: 3454, Number Of Drives Included: 435, Two: asdlfk, Some vary specific: 456554, Hard Drive Capacity: 345, Cache Buffer Size: 342, Desktop Or Laptop: Laptop, Three: alsdfk, UPC: 444445','Aliquam mollitia autem ullam voluptatum est sint et in. Sed ex dolor quasi iure alias explicabo. Facilis ea officia libero ex beatae quod ut. Rerum praesentium autem quisquam.\nSunt ut ullam dolorem doloremque molestias veniam assumenda. Cum omnis voluptates veniam et. Et placeat voluptas odio deleniti. Dolor earum quas perspiciatis quo dolorem.\nVoluptatem eveniet possimus occaecati recusandae laudantium ea. Commodi exercitationem ex error necessitatibus aut. Est rem voluptas porro voluptate. Veniam commodi soluta odio laboriosam nam rem.','InternalOrExternalInternal, Onelkasdf, MaximumDataTransferRate3454, NumberOfDrivesIncluded435, Twoasdlfk, Somevaryspecific456554, HardDriveCapacity345, CacheBufferSize342, DesktopOrLaptopLaptop, Threealsdfk, UPC444445'),(49,13,2,'Cum ipsam impedit.','cum-ipsam-impedit-',243,'Y','6d885d4e-e84f-3fba-8ea8-9c751da8ec39',2,'N','Y',377145,'1984-07-05 16:30:24','2015-05-29 12:58:54',284090,26,'Internal Or External: External, One: alsdfk, Maximum Data Transfer Rate: 5464, Number Of Drives Included: 564, Two: asdlfk, Some vary specific: 6654, Hard Drive Capacity: 65454, Cache Buffer Size: 332, Desktop Or Laptop: Laptop, Three: 435839, UPC: 344444','Architecto repellat enim qui adipisci. In molestiae asperiores explicabo qui quam et dignissimos. Ullam omnis et culpa dignissimos at. Hic itaque omnis libero aliquam. Beatae neque asperiores est.\nIncidunt vel illum ducimus quia ut suscipit. Iusto vitae eligendi illo et. Quia fuga qui accusamus et tenetur. Quia quo optio nobis inventore.\nNostrum et quo sunt et. Quis possimus temporibus sint autem voluptates. Delectus ea sed eum natus sequi.\nAt praesentium neque ut voluptatem ducimus. Et cupiditate officia officiis odio est illo ab. Qui cum dolor corporis nemo debitis impedit. Saepe eum nesciunt quo voluptatem provident voluptatem optio.','InternalOrExternalExternal, Onealsdfk, MaximumDataTransferRate5464, NumberOfDrivesIncluded564, Twoasdlfk, Somevaryspecific6654, HardDriveCapacity65454, CacheBufferSize332, DesktopOrLaptopLaptop, Three435839, UPC344444'),(50,2,20,'Iure dolor cumque modi.','iure-dolor-cumque-modi-',253,'Y','76f6c9ff-6d3b-3ed0-a34c-39f0a847b96c',78,'Y','Y',202172,'2009-03-24 03:40:51','2015-05-29 12:58:54',302980,34,'Internal Or External: External, Maximum Data Transfer Rate: 9438523498, Hard Drive Capacity: 948, Cache Buffer Size: 3498, Interface(s): SATA, Width: 57, Height: 3498, Color: Orange, Weight: 58, Warranty Terms - Parts: 3, Warranty Terms - Labor: 3, Depth:','Ipsam vero quisquam amet cum officiis quia quia. Amet in enim ab. Quasi unde deserunt nam doloribus. Dolores quod voluptates iure aliquid hic. Qui at quia porro veritatis et quo.\nDeleniti totam quod nesciunt pariatur qui qui. Illum sit suscipit tenetur nihil. Maiores temporibus iure commodi accusantium consequuntur. Consequuntur sed odit distinctio numquam.\nEos aspernatur est deleniti recusandae vel voluptatibus. Ad expedita veniam voluptas voluptas unde impedit est. Aut non voluptatem qui aut.\nEarum voluptatibus non et cumque ipsa. Qui voluptatem quas eveniet quis sequi magni.','InternalOrExternalExternal, MaximumDataTransferRate9438523498, HardDriveCapacity948, CacheBufferSize3498, InterfacesSATA, Width57, Height3498, ColorOrange, Weight58, WarrantyTermsParts3, WarrantyTermsLabor3, Depth'),(51,14,3,'asdfasdfasdfasdf','asdfasdfasdfasdf',34,'N','6d885d4e-e84f-3fba-8ea8-9c751da8et39',34,'N','N',0,'2015-03-12 22:45:45','2015-05-29 12:58:54',0,0,'eius: temporibus DDS , animi: quia DDS , rerum: aut DDS , repellat: impedit DDS , cupiditate: dolores DDS , perferendis: reprehenderit DDS , ','asdfasdfasdf',''),(52,15,2,'asdfasdfasasd','asdfasdfasasd',34,'Y','f1fc95c573aeeca7b9166a4ca22b57af',344,'N','N',0,'2015-03-13 10:39:48','2015-05-29 13:00:47',0,0,'Cord Length: 54, Display Type: sdfa, Contrast Ratio: 54, Screen Size (Measured Diagonally): 56, Maximum Resolution: 54, Native Resolution: 566, Computer Compatibility: Windows, Aspect Ratio: 5584:5435, Built-In Webcam: N, Adjustable Stand Height: Y, Respo','asdfasdfasdfasfd','CordLength54, DisplayTypesdfa, ContrastRatio54, ScreenSizeMeasuredDiagonally56, MaximumResolution54, NativeResolution566, ComputerCompatibilityWindows, AspectRatio55845435, BuiltInWebcamN, AdjustableStandHeightY, ResponseTime56, AntiGlareY, Width56, Height43, ColorBlack, Weight56, WarrantyTermsParts4, WarrantyTermsLabor2, Depth345');

/*Table structure for table `rating` */

DROP TABLE IF EXISTS `rating`;

CREATE TABLE `rating` (
  `id` int(11) unsigned NOT NULL AUTO_INCREMENT,
  `product_id` int(11) unsigned NOT NULL,
  `user_id` int(11) unsigned NOT NULL,
  `value` tinyint(3) unsigned NOT NULL,
  PRIMARY KEY (`id`),
  KEY `good_id` (`product_id`,`user_id`),
  KEY `user_id` (`user_id`)
) ENGINE=InnoDB AUTO_INCREMENT=15 DEFAULT CHARSET=utf8 COLLATE=utf8_bin;

/*Data for the table `rating` */

insert  into `rating`(`id`,`product_id`,`user_id`,`value`) values (1,1,2,4),(2,2,2,4),(3,3,2,3),(4,23,2,5),(5,22,2,5),(6,4,2,4),(7,5,2,2),(8,6,1,4),(9,7,2,5),(10,8,1,2),(11,9,1,5),(12,10,1,4),(13,11,2,4),(14,32,1,3);

/*Table structure for table `rating_desc` */

DROP TABLE IF EXISTS `rating_desc`;

CREATE TABLE `rating_desc` (
  `id` tinyint(3) unsigned NOT NULL,
  `desc` varchar(50) COLLATE utf8_bin NOT NULL,
  PRIMARY KEY (`id`)
) ENGINE=InnoDB DEFAULT CHARSET=utf8 COLLATE=utf8_bin;

/*Data for the table `rating_desc` */

insert  into `rating_desc`(`id`,`desc`) values (1,'Ужасный товар'),(2,'Плохой товар'),(3,'Терпимо, но могло быть и лучше'),(4,'Хороший товар'),(5,'Отличный товар');

/*Table structure for table `related_product` */

DROP TABLE IF EXISTS `related_product`;

CREATE TABLE `related_product` (
  `id` int(11) NOT NULL AUTO_INCREMENT,
  `product_id` int(11) NOT NULL,
  `related_id` int(11) NOT NULL,
  PRIMARY KEY (`id`),
  KEY `product_id` (`product_id`)
) ENGINE=MyISAM AUTO_INCREMENT=3 DEFAULT CHARSET=utf8 COLLATE=utf8_bin COMMENT='Handle related products';

/*Data for the table `related_product` */

/*Table structure for table `reviews` */

DROP TABLE IF EXISTS `reviews`;

CREATE TABLE `reviews` (
  `id` int(11) unsigned NOT NULL AUTO_INCREMENT,
  `productId` int(11) unsigned NOT NULL,
  `userId` int(11) unsigned NOT NULL,
  `content` text NOT NULL,
  `moderated` enum('Y','N') NOT NULL DEFAULT 'N',
  `createdAt` datetime NOT NULL,
  PRIMARY KEY (`id`),
  KEY `product_id` (`productId`),
  KEY `user_id` (`userId`),
  KEY `moderated` (`moderated`),
  KEY `createdAt` (`createdAt`)
) ENGINE=InnoDB AUTO_INCREMENT=104 DEFAULT CHARSET=utf8;

/*Data for the table `reviews` */

insert  into `reviews`(`id`,`productId`,`userId`,`content`,`moderated`,`createdAt`) values (1,3,1,'Сделанный вывод','Y','2014-02-26 15:24:59'),(2,3,1,'test text','N','2014-06-25 11:46:17'),(3,3,1,'anote total','Y','2014-06-25 11:47:21'),(4,9,3,'Voluptas omnis repellendus vero voluptates nisi tempora commodi et. Molestiae deserunt id distinctio eaque. Suscipit quis consequuntur quisquam nostrum molestiae est eum sunt.','Y','2015-04-17 12:13:11'),(5,3,4,'Illum laudantium rem officia inventore quidem est quia. Ipsam illum et in quo. Suscipit voluptatem est iste aut veritatis et molestias. Fugiat non quam molestiae. Magnam totam nihil libero odio.','Y','2015-04-17 12:13:11'),(6,2,3,'Cumque quod ea illum. Earum non voluptatibus quo. Id doloremque incidunt ea facilis quae impedit. Voluptates aperiam aut eveniet tempore sint dolorum.','N','2015-04-17 12:13:12'),(7,8,1,'Mollitia quae perferendis illo a odit eos. Iure voluptatum maiores excepturi ipsum quod. Ut suscipit enim aut vel laborum dolores praesentium.','N','2015-04-17 12:13:12'),(8,9,3,'Qui cupiditate enim aut non non in est quia. Praesentium nostrum et consequuntur non repellat fugiat ut. Nulla sint quae voluptatem excepturi id occaecati.','N','2015-04-17 12:13:12'),(9,5,1,'Necessitatibus fugiat repellat perspiciatis omnis deserunt ipsum ut. Vero dolorum eius ut totam officiis distinctio quis qui. Ut nihil iure ut est. Nemo est ipsa velit expedita. Quibusdam et odio ut.','Y','2015-04-17 12:13:12'),(10,4,4,'Quo est eius et. Est nisi ut iste velit sunt voluptatem reprehenderit aut. Ipsam quod omnis minus sequi sequi. In itaque ea nam quaerat culpa earum iure.','N','2015-04-17 12:13:12'),(11,5,3,'Nisi molestiae dignissimos rerum amet error voluptatem non. Aut atque mollitia aspernatur. Non reprehenderit dolor aut quae et. Non aliquid est totam quo atque expedita.','N','2015-04-17 12:13:12'),(12,3,3,'Sapiente voluptatem est laborum rerum mollitia. Iure repellendus est cupiditate reiciendis non. Aut et quibusdam ipsa et molestiae vero. Labore qui earum ut itaque laudantium velit.','Y','2015-04-17 12:13:12'),(13,3,1,'Sint et officiis numquam consequatur. Aut rerum assumenda culpa officia autem. Nihil voluptas fugit id similique facere illum. Officia voluptatem ducimus voluptatem consequuntur officiis.','N','2015-04-17 12:13:12'),(14,9,1,'Et est esse voluptatum. Minima vitae cupiditate commodi ut quibusdam. Laboriosam ab distinctio voluptatem officiis ea eveniet.','Y','2015-04-17 12:13:12'),(15,10,1,'Suscipit autem rem cupiditate occaecati minus quibusdam labore. Quia excepturi odio ut nemo dolor. Deserunt sed nihil magni possimus et quia autem.','Y','2015-04-17 12:13:12'),(16,1,4,'Officia placeat sit quae nulla eaque aut. Quisquam natus voluptate rerum totam voluptas. Minus deleniti maiores dolorem qui.','N','2015-04-17 12:13:12'),(17,3,4,'Possimus reiciendis quia id cum. Quaerat voluptate consequatur odit necessitatibus sint. Ipsa et amet id commodi tempore omnis. Magnam officiis molestias consectetur nisi libero.','N','2015-04-17 12:13:12'),(18,9,4,'Inventore repellendus et est enim ut. Rerum deserunt aut eum voluptatem. Sed quia labore inventore quasi.','N','2015-04-17 12:13:12'),(19,7,4,'Hic necessitatibus quaerat quia et. Maxime eos repellat harum dolores perferendis. Error eum amet dignissimos iure.','N','2015-04-17 12:13:12'),(20,7,3,'Incidunt ducimus atque et et dolores nihil cupiditate assumenda. Sint est autem dolor officiis est. Voluptas dolore porro eos consequatur aliquam cumque sed.','N','2015-04-17 12:13:12'),(21,1,3,'Eum reprehenderit et sunt pariatur sint magni. Maiores similique amet facere architecto. Sed porro voluptas quas.','N','2015-04-17 12:13:12'),(22,9,3,'Animi fuga eius iste molestiae rerum voluptas. Atque ea qui quas est. Alias deleniti sunt et. Atque est qui commodi laboriosam rem.','Y','2015-04-17 12:13:12'),(23,9,3,'Totam ex dolores earum quia in. Vel dignissimos provident repudiandae. Dolorum porro hic ut quia aut repellendus et molestiae.','Y','2015-04-17 12:13:12'),(24,6,1,'Neque ut autem eum. Aut ab dolor praesentium fugit nesciunt ex assumenda possimus. Expedita nesciunt excepturi dolore voluptate alias a.','Y','2015-04-17 12:13:12'),(25,10,3,'Et repellat porro omnis non. Aut veniam omnis quasi atque dignissimos. Enim aliquam asperiores corporis veniam et est commodi. Doloremque sit illum unde harum pariatur quia totam.','N','2015-04-17 12:13:12'),(26,8,4,'Tempora dolorum non sapiente consequatur. Explicabo aperiam nihil ut itaque.','N','2015-04-17 12:13:12'),(27,10,1,'Quas ut perspiciatis quisquam ex blanditiis incidunt unde. Id nam aperiam dolore laborum quasi beatae vero. Ea voluptas pariatur labore sit.','Y','2015-04-17 12:13:12'),(28,3,1,'Et facere eos delectus ducimus dolore. Qui veritatis excepturi eaque odit maxime deserunt aut. Voluptatem soluta distinctio ut ab minus qui quos. Voluptatibus ut non mollitia et.','Y','2015-04-17 12:13:12'),(29,4,1,'Suscipit quia saepe et veritatis sed velit sed nostrum. Et et eum rerum et ex est et. Vitae id accusamus corporis et exercitationem aut id.','Y','2015-04-17 12:13:12'),(30,4,1,'Unde autem quia modi ut corporis. Similique aperiam ad eaque aut similique. Eveniet doloribus rerum accusamus qui consequatur. Et et architecto praesentium voluptatibus dicta quas magnam.','Y','2015-04-17 12:13:12'),(31,5,4,'Rerum aut sequi reprehenderit sunt qui similique. Ex cupiditate odit vel facere nihil necessitatibus eos. Vel velit magnam qui rerum.','Y','2015-04-17 12:13:12'),(32,10,4,'Velit sed dolorum reiciendis. Nostrum hic est architecto veniam. Molestiae et libero officiis quidem blanditiis odit quo.','Y','2015-04-17 12:13:12'),(33,8,3,'Vel eos deserunt ad commodi iure. Ipsam quidem explicabo vero eaque aspernatur. Voluptatum laborum autem ab ut.','N','2015-04-17 12:13:12'),(34,3,4,'Sint sunt aut qui ut soluta. Amet et aut et doloremque sint. Quam quia officia exercitationem repellendus ab nobis omnis.','Y','2015-04-17 12:13:12'),(35,4,3,'Esse ullam et recusandae. Tempore eveniet error distinctio dolorum veniam. Minima quod ipsa veniam.','Y','2015-04-17 12:13:12'),(36,4,4,'Voluptatem doloribus cumque cum dolores minus qui culpa. Hic animi quia aperiam ut aperiam sunt. Fugit expedita doloremque incidunt enim est.','Y','2015-04-17 12:13:12'),(37,7,1,'Rerum iusto aperiam nobis amet dolores dolorum. Omnis molestias id tenetur similique qui. Nobis sed culpa laboriosam sed laboriosam.','Y','2015-04-17 12:13:12'),(38,2,4,'Cum quia qui dolorem non totam. Eum ipsam delectus quis vel commodi quos deserunt amet.','Y','2015-04-17 12:13:12'),(39,10,3,'Error illo consequatur pariatur accusantium sit expedita. Amet ad id dolores numquam numquam enim ut non. Suscipit et error ea quia. Enim saepe dignissimos impedit eum dolorem dolores voluptatem.','Y','2015-04-17 12:13:12'),(40,8,3,'Nesciunt fuga non voluptas qui. Qui reprehenderit ipsa nesciunt enim explicabo. Quae sit quis molestiae est minima veniam. Dignissimos consectetur veritatis ullam voluptatibus voluptates.','N','2015-04-17 12:13:12'),(41,7,4,'Excepturi corporis quis id eveniet. Omnis voluptatibus consequatur sint aut. Minus distinctio ut aspernatur.','Y','2015-04-17 12:13:12'),(42,4,4,'Fugit id dignissimos labore sed. Quas ratione pariatur laboriosam labore est inventore. Hic neque numquam et commodi voluptatem et. Voluptatem natus id ab quae.','N','2015-04-17 12:13:12'),(43,6,4,'Sapiente at est quis quisquam explicabo. Non tempora molestiae hic optio debitis in. Officiis cum ea dolorem quaerat odio et. Omnis beatae provident voluptas adipisci.','Y','2015-04-17 12:13:12'),(44,8,3,'Ipsa nobis nostrum iusto esse. Consequatur dolores doloremque qui et maiores. Praesentium ipsum ad vero modi corporis. Nobis asperiores molestias minima autem accusantium ducimus.','Y','2015-04-17 12:13:12'),(45,7,1,'Similique et fugiat porro tempora ut necessitatibus. Deleniti quia rem rerum. Voluptatem aut expedita quos eligendi cupiditate voluptatem. Non praesentium eius dolor vel consequuntur.','N','2015-04-17 12:13:12'),(46,2,1,'Dolores rerum deserunt voluptatem consectetur voluptates aliquid repellat. Iste suscipit qui commodi eius. Enim non similique error libero cum amet et.','N','2015-04-17 12:13:12'),(47,6,1,'Commodi quis veniam aut modi voluptatem tempora animi. Quisquam quia et dolor iste sed. Vel qui recusandae quae atque laborum et sed. Tempora numquam consectetur ipsum libero quaerat.','N','2015-04-17 12:13:12'),(48,7,1,'Occaecati eaque ipsam culpa blanditiis quaerat quas. Magnam officia ad ea et cumque.','Y','2015-04-17 12:13:12'),(49,10,3,'Facere sed fuga quam quidem voluptate sit sit. Ducimus odit tenetur et non. Sit quibusdam et quasi alias sed. Dolorum et non est cumque totam quisquam amet.','N','2015-04-17 12:13:12'),(50,8,4,'Commodi vero fuga fuga odio. Totam qui molestiae molestias ut. Sint ab aut atque voluptatem inventore.','Y','2015-04-17 12:13:12'),(51,9,4,'Tempora veniam aut at. Vero ut dolores aut sit fugiat necessitatibus. Libero quasi quos doloribus aperiam qui molestiae voluptate est.','N','2015-04-17 12:13:12'),(52,8,4,'Pariatur deleniti vitae sint ipsum sapiente. Non voluptate impedit eos qui qui voluptatem. Sed saepe iste molestiae ullam et nisi. Qui ut consequatur iure veniam velit non.','N','2015-04-17 12:13:12'),(53,4,4,'Ratione perferendis voluptatem voluptatem ut molestiae modi nemo. Repellat cum perferendis explicabo. Voluptatum est mollitia enim neque ut consequatur ad. Aspernatur ratione et id nulla sequi.','Y','2015-04-17 12:13:12'),(54,6,3,'Debitis perspiciatis voluptatibus odit fuga sint. Error consectetur sit eius maxime. Dolorem ratione temporibus voluptas dolor voluptate.','N','2015-04-17 12:13:14'),(55,2,4,'Et cumque sed labore vero facilis et et. Est ut est quis sapiente. Delectus facilis deleniti ipsa praesentium ducimus assumenda harum.','N','2015-04-17 12:13:14'),(56,4,3,'Saepe voluptatum et ut. Aut dolores asperiores corrupti ut rem odio. Tempore corporis quae hic nobis unde saepe odit.','N','2015-04-17 12:13:14'),(57,6,3,'Et esse sit sit rerum ad corrupti. Non ut debitis culpa soluta voluptas consequatur dolores ut. Saepe quis quos nulla tempora.','N','2015-04-17 12:13:14'),(58,1,3,'Voluptatem quo tempora et praesentium animi voluptate. Reprehenderit non occaecati nam magnam. Sed sint corporis doloribus.','Y','2015-04-17 12:13:14'),(59,1,4,'Cum temporibus aliquid rerum non in. Eligendi dolor magni inventore in vel. Et ut quia voluptas in doloremque molestiae.','N','2015-04-17 12:13:14'),(60,9,1,'Quia quisquam qui in ut nam. Sint harum praesentium id ut et excepturi ut optio. Qui rerum reprehenderit ratione et dicta in corporis. Non voluptatem aut natus harum.','Y','2015-04-17 12:13:14'),(61,6,1,'Illo impedit eum voluptas sit omnis. Quaerat soluta unde in qui debitis. Non sunt nihil voluptas quia sed necessitatibus. Rem perferendis velit dolorem vero numquam incidunt minima.','Y','2015-04-17 12:13:14'),(62,3,3,'Dolores aspernatur sint enim explicabo qui. Commodi in iusto adipisci repudiandae exercitationem veniam aut. Nihil dolores temporibus cupiditate voluptates impedit ipsum qui architecto.','N','2015-04-17 12:13:14'),(63,6,4,'Animi sint aut cum nulla harum placeat id labore. Nostrum consequatur est ullam omnis reprehenderit dignissimos magnam. Cupiditate dignissimos incidunt placeat alias incidunt illum aut.','Y','2015-04-17 12:13:14'),(64,8,1,'Est consequatur quibusdam dolorum dolor voluptate corrupti. Aut libero vitae molestias culpa. Vero et labore sunt saepe accusamus. Qui accusamus minima aut atque veniam minus est.','Y','2015-04-17 12:13:14'),(65,1,1,'Voluptas officiis commodi qui atque deserunt. Itaque itaque et molestiae veniam aut quos.','Y','2015-04-17 12:13:14'),(66,6,3,'Qui laudantium consequatur amet dolor aut non. Cum dolores aut dignissimos maxime. Est maxime cumque et libero tempora ea est amet. Sit et aliquam ipsa sit quos sequi rerum.','N','2015-04-17 12:13:14'),(67,6,4,'Omnis consequatur alias nisi officia odit. Ut nemo aliquam asperiores vel. Omnis ratione quia asperiores praesentium inventore. Unde saepe voluptatem ducimus ut vitae repudiandae illo amet.','N','2015-04-17 12:13:14'),(68,6,3,'Voluptatem cum temporibus earum. In asperiores itaque et aliquam modi non. Quia excepturi dolorem enim aut reiciendis.','Y','2015-04-17 12:13:14'),(69,3,1,'Cupiditate est porro veniam et alias voluptatem dolor. Natus deserunt expedita rem fuga. Sint a qui voluptas. Ab et provident quae tempore qui ducimus.','N','2015-04-17 12:13:14'),(70,7,4,'Ut enim nulla pariatur incidunt iusto. Dicta voluptatibus ducimus assumenda voluptates aut deserunt. Tempore illo necessitatibus aliquam explicabo. Ut ut quae occaecati dolore amet odio nihil.','Y','2015-04-17 12:13:14'),(71,5,1,'Quis est dolorum magni non totam. Voluptatem voluptas perspiciatis minima doloremque mollitia repellendus consequatur ullam.','Y','2015-04-17 12:13:14'),(72,2,1,'Natus reprehenderit quidem eum et ipsa enim aut. Sunt iusto est dolores minima ipsa. Sed culpa et est doloremque et tempora sequi. Doloribus officia fuga assumenda.','Y','2015-04-17 12:13:14'),(73,9,1,'Magni dolores non quo earum. Officia aut et a minus ea neque consequatur. Reiciendis quam id expedita tenetur.','N','2015-04-17 12:13:14'),(74,9,3,'Delectus aliquid qui vel aut et qui consequatur recusandae. Omnis qui iste non ipsum. Quia alias voluptatem unde est ad.','Y','2015-04-17 12:13:14'),(75,8,3,'Dicta suscipit repellat magni sit eius. Doloribus ut quia autem ex et atque. Sint accusantium repudiandae ullam praesentium omnis delectus.','Y','2015-04-17 12:13:14'),(76,2,1,'Eveniet aut saepe ratione sunt. Velit sit ab dolor. Aut est et id eius quisquam non.','N','2015-04-17 12:13:14'),(77,8,4,'Enim quod autem adipisci aut. Ad modi autem ex aut distinctio. Eaque error eum aut dignissimos ipsa atque. Dolores porro nulla ipsa quisquam id voluptas.','N','2015-04-17 12:13:14'),(78,1,1,'Dolorem id maiores reprehenderit itaque nisi quisquam. Consectetur deleniti et dolorem tenetur repellendus reiciendis ea. Nihil totam aut aut nulla.','N','2015-04-17 12:13:14'),(79,1,3,'Non tempore repellendus aut sit impedit. Qui expedita nam et rerum qui quo dignissimos. Eos quia reiciendis molestias. Ratione dolores et quia aut earum commodi.','Y','2015-04-17 12:13:14'),(80,4,1,'Voluptas omnis et veritatis veniam non cum similique deleniti. Architecto molestias culpa autem officiis perferendis repellat. Sunt aspernatur et eos eum distinctio.','Y','2015-04-17 12:13:14'),(81,9,3,'Fugiat necessitatibus mollitia repellendus velit ex. Sed facere ut nostrum quod est labore. Autem quis officia repellendus id dignissimos. Dolore aut ab et a doloremque.','N','2015-04-17 12:13:14'),(82,10,4,'Itaque vitae esse ab culpa. Quia eos illum sint est pariatur aut est.\nConsequatur est consequatur ut cumque est. Officia facilis est minus ex. Officiis sit iure pariatur.','Y','2015-04-17 12:13:14'),(83,6,4,'Adipisci alias cum nemo et quas ex numquam. Eum maxime officia placeat pariatur. Dolores voluptas voluptas alias. Aut autem ex quo nobis accusantium. Optio voluptatem quaerat harum quia.','N','2015-04-17 12:13:14'),(84,4,3,'Sunt non est dolores est eaque nostrum. Eos nemo porro officiis voluptatem sint fugit ex praesentium. Deserunt sint ea dolorem cumque non qui sit.','N','2015-04-17 12:13:14'),(85,6,1,'Qui et et non ut ea reiciendis. Quisquam est eveniet recusandae voluptates dolorem ut harum placeat. Non in vel labore et qui sapiente cupiditate voluptatibus.','N','2015-04-17 12:13:14'),(86,3,1,'Ut neque sint odit omnis culpa. Facilis omnis dolor sit est dolorum nostrum. Nihil consequatur ratione quas incidunt ea voluptatum aut. Pariatur esse error dignissimos.','N','2015-04-17 12:13:14'),(87,2,4,'Praesentium et quidem amet sapiente eius id. Voluptate accusamus et rerum et. Rerum rerum eius vel excepturi tempore soluta dicta. Aliquam voluptas qui recusandae.','Y','2015-04-17 12:13:14'),(88,1,3,'Cumque mollitia soluta qui necessitatibus quia. Harum nesciunt nostrum aut cumque. Accusantium iure nobis voluptas sit quos et eum magni.','Y','2015-04-17 12:13:14'),(89,7,3,'Ut eveniet ipsa iste sed accusamus accusantium. Necessitatibus nemo officia officiis.\nConsectetur magni quaerat autem tempora. Non ut voluptatum delectus et. Libero est ipsa earum est sint.','N','2015-04-17 12:13:14'),(90,9,4,'Quibusdam iure vel voluptate. Aut eos est aperiam vel. Cumque deleniti in perspiciatis ducimus dolorem laboriosam. Ut dolores minima quia minus quam sunt exercitationem suscipit.','N','2015-04-17 12:13:14'),(91,7,1,'Dolore ut et quos neque voluptatum omnis ab. Cumque sunt quo aut natus. Necessitatibus est dolor velit quis sit. Nesciunt similique quis vel sapiente aut veniam quos.','Y','2015-04-17 12:13:14'),(92,7,4,'Adipisci debitis facere saepe necessitatibus saepe iure. Quisquam voluptas quod reprehenderit repellat dolores dignissimos. Voluptatem perferendis autem distinctio. Sequi est quidem nemo modi.','N','2015-04-17 12:13:14'),(93,5,3,'Perspiciatis aut ipsa beatae. Maxime cupiditate molestias molestiae quidem. Nemo architecto et repellat accusamus sit ad. Facilis repudiandae vitae accusantium amet praesentium.','N','2015-04-17 12:13:14'),(94,9,4,'Ut deleniti et sit harum. Cum ut doloribus numquam ipsa dolorem. Autem perferendis fugiat numquam iure reprehenderit voluptatem esse.','Y','2015-04-17 12:13:14'),(95,6,1,'Quisquam et est laboriosam assumenda quo suscipit. Non aut reprehenderit non aut atque sit. Ea minus autem nihil et beatae pariatur aspernatur. Cum quia ullam repellat voluptatem earum.','Y','2015-04-17 12:13:14'),(96,6,4,'Voluptas quos maxime dolores aut rerum dolorem nemo. Qui quis sed corporis ullam nam eaque.','Y','2015-04-17 12:13:14'),(97,2,4,'Eius expedita nisi quia quia dolor. Autem quae natus delectus vel exercitationem sapiente. Rerum assumenda cum et voluptatem laudantium eum odit.','N','2015-04-17 12:13:14'),(98,9,3,'Dignissimos dolorum et ut consequatur et sed quos. Modi fugit quo expedita nostrum. Est nihil ut maxime impedit officiis iusto.','Y','2015-04-17 12:13:14'),(99,10,1,'Sit aliquam qui non quae quam pariatur. Commodi deleniti quis sunt veritatis aut molestias ea. Quo est error reprehenderit. Labore fugit nesciunt repellat facilis.','Y','2015-04-17 12:13:14'),(100,6,4,'Odit totam est et blanditiis. Consectetur dolorem aspernatur illum.','Y','2015-04-17 12:13:14'),(101,3,3,'Provident voluptatem nostrum nulla. Ipsum illo ab aliquam ad nobis excepturi et possimus. Soluta saepe totam voluptatem et ratione harum. Dolor in ut tempora totam incidunt quis ut.','Y','2015-04-17 12:13:14'),(102,6,4,'Sapiente omnis corrupti et in. Omnis laudantium voluptatibus ut. Fugit nam rerum sed est iure repellendus quidem.\nQuaerat ut rerum eaque eum. Non dolorem voluptatum culpa.','N','2015-04-17 12:13:14'),(103,3,4,'Optio et pariatur id id atque eum voluptates. Facilis cupiditate suscipit iste eum accusamus. Est aut corporis nulla tempore praesentium et.','Y','2015-04-17 12:13:14');

/*Table structure for table `role_permission` */

DROP TABLE IF EXISTS `role_permission`;

CREATE TABLE `role_permission` (
  `id` int(11) unsigned NOT NULL,
  `role_id` int(11) unsigned NOT NULL,
  `permission_id` int(11) unsigned NOT NULL,
  PRIMARY KEY (`id`)
) ENGINE=InnoDB DEFAULT CHARSET=utf8 COLLATE=utf8_unicode_ci;

/*Data for the table `role_permission` */

/*Table structure for table `roles` */

DROP TABLE IF EXISTS `roles`;

CREATE TABLE `roles` (
  `id` int(10) unsigned NOT NULL AUTO_INCREMENT,
  `name` varchar(64) NOT NULL,
  `active` char(1) NOT NULL,
  PRIMARY KEY (`id`),
  UNIQUE KEY `name` (`name`),
  KEY `active` (`active`)
) ENGINE=InnoDB AUTO_INCREMENT=5 DEFAULT CHARSET=utf8;

/*Data for the table `roles` */

insert  into `roles`(`id`,`name`,`active`) values (1,'Administrators','Y'),(2,'Editors','Y'),(3,'Moderators','Y'),(4,'Users','Y');

/*Table structure for table `roles_assigned` */

DROP TABLE IF EXISTS `roles_assigned`;

CREATE TABLE `roles_assigned` (
  `id` int(11) unsigned NOT NULL,
  `user_id` int(11) unsigned NOT NULL,
  `role_id` int(11) unsigned NOT NULL,
  PRIMARY KEY (`id`)
) ENGINE=InnoDB DEFAULT CHARSET=utf8 COLLATE=utf8_unicode_ci;

/*Data for the table `roles_assigned` */

/*Table structure for table `settings` */

DROP TABLE IF EXISTS `settings`;

CREATE TABLE `settings` (
  `id` int(11) NOT NULL AUTO_INCREMENT,
  `category` varchar(255) COLLATE utf8_bin NOT NULL,
  `key` varchar(255) COLLATE utf8_bin NOT NULL,
  `value` text COLLATE utf8_bin NOT NULL,
  PRIMARY KEY (`id`),
  KEY `category` (`category`),
  KEY `key` (`key`)
) ENGINE=MyISAM DEFAULT CHARSET=utf8 COLLATE=utf8_bin;

/*Data for the table `settings` */

/*Table structure for table `user_email_confirmations` */

DROP TABLE IF EXISTS `user_email_confirmations`;

CREATE TABLE `user_email_confirmations` (
  `id` int(11) unsigned NOT NULL AUTO_INCREMENT,
  `userId` int(11) unsigned NOT NULL,
  `code` char(32) NOT NULL,
  `createdAt` int(10) unsigned NOT NULL,
  `modifiedAt` int(10) unsigned DEFAULT NULL,
  `confirmed` enum('Y','N') NOT NULL DEFAULT 'N',
  PRIMARY KEY (`id`),
  UNIQUE KEY `code` (`code`)
) ENGINE=InnoDB AUTO_INCREMENT=6 DEFAULT CHARSET=utf8;

/*Data for the table `user_email_confirmations` */

insert  into `user_email_confirmations`(`id`,`userId`,`code`,`createdAt`,`modifiedAt`,`confirmed`) values (1,1,'vXi8Sy6l9PlKnHJCfE1ZjDq0Gruuuo4',1423579364,1423586390,'Y'),(2,4,'U7Nxp1V4hidsiVAS3tKr2dLPN2TXNfi',1426061664,1426061664,'N'),(3,4,'qARc3AN87RLbSmCusuua8F1YbkHpn0q',1427223645,1427223645,'N'),(4,4,'epA8KV5GiD0yCB7ihH27Uqi3cHyja8',1427223679,1427223679,'N'),(5,4,'cFbHgzHj37H7vyWUO5T6SfejWG8iH',1427223916,1427223916,'N');

/*Table structure for table `user_experience_desc` */

DROP TABLE IF EXISTS `user_experience_desc`;

CREATE TABLE `user_experience_desc` (
  `id` tinyint(3) unsigned NOT NULL,
  `desc` varchar(50) COLLATE utf8_bin NOT NULL,
  PRIMARY KEY (`id`)
) ENGINE=InnoDB DEFAULT CHARSET=utf8 COLLATE=utf8_bin;

/*Data for the table `user_experience_desc` */

insert  into `user_experience_desc`(`id`,`desc`) values (1,'Пользуюсь меньше года'),(2,'Пользуюсь около двух лет'),(3,'Пользуюсь больше трех лет');

/*Table structure for table `user_failed_logins` */

DROP TABLE IF EXISTS `user_failed_logins`;

CREATE TABLE `user_failed_logins` (
  `id` int(11) unsigned NOT NULL AUTO_INCREMENT,
  `usersId` int(10) unsigned DEFAULT NULL,
  `ipAddress` char(15) NOT NULL,
  `attempted` int(11) unsigned NOT NULL,
  PRIMARY KEY (`id`),
  KEY `usersId` (`usersId`)
) ENGINE=InnoDB AUTO_INCREMENT=4 DEFAULT CHARSET=utf8;

/*Data for the table `user_failed_logins` */

insert  into `user_failed_logins`(`id`,`usersId`,`ipAddress`,`attempted`) values (1,1,'10.0.2.2',1427277146),(2,1,'10.0.2.2',1427277163),(3,1,'10.0.2.2',1428505510);

/*Table structure for table `user_password_changes` */

DROP TABLE IF EXISTS `user_password_changes`;

CREATE TABLE `user_password_changes` (
  `id` int(10) unsigned NOT NULL AUTO_INCREMENT,
  `usersId` int(10) unsigned NOT NULL,
  `ipAddress` char(15) NOT NULL,
  `userAgent` varchar(48) NOT NULL,
  `createdAt` int(10) unsigned NOT NULL,
  PRIMARY KEY (`id`)
) ENGINE=InnoDB DEFAULT CHARSET=utf8;

/*Data for the table `user_password_changes` */

/*Table structure for table `user_password_reminders` */

DROP TABLE IF EXISTS `user_password_reminders`;

CREATE TABLE `user_password_reminders` (
  `id` int(11) unsigned NOT NULL AUTO_INCREMENT,
  `email` varchar(255) COLLATE utf8_unicode_ci NOT NULL,
  `token` varchar(100) COLLATE utf8_unicode_ci NOT NULL,
  `created_at` datetime NOT NULL,
  PRIMARY KEY (`id`)
) ENGINE=InnoDB DEFAULT CHARSET=utf8 COLLATE=utf8_unicode_ci;

/*Data for the table `user_password_reminders` */

/*Table structure for table `user_profile` */

DROP TABLE IF EXISTS `user_profile`;

CREATE TABLE `user_profile` (
  `id` int(11) unsigned NOT NULL AUTO_INCREMENT,
  `userId` int(11) unsigned NOT NULL,
  `address` tinytext,
  `phone` varchar(25) DEFAULT NULL,
  `commentsCount` int(10) unsigned NOT NULL DEFAULT '0',
  `createdAt` datetime NOT NULL,
  `lastLogin` timestamp NULL DEFAULT CURRENT_TIMESTAMP,
  `wishList` tinytext,
  `compareList` tinytext,
  PRIMARY KEY (`id`),
  UNIQUE KEY `NewIndex1` (`userId`),
  CONSTRAINT `user_profile_ibfk_1` FOREIGN KEY (`userId`) REFERENCES `users` (`id`) ON DELETE CASCADE ON UPDATE NO ACTION
) ENGINE=InnoDB AUTO_INCREMENT=4 DEFAULT CHARSET=utf8;

/*Data for the table `user_profile` */

insert  into `user_profile`(`id`,`userId`,`address`,`phone`,`commentsCount`,`createdAt`,`lastLogin`,`wishList`,`compareList`) values (1,1,'My address','111111',0,'2015-02-04 12:52:55','2015-06-01 18:09:31','[\"2\",\"37\"]','[\"1\",\"35\"]'),(2,3,'Address of new user','+375 45-32-45',0,'2015-03-11 11:05:10','2015-05-25 17:59:16',NULL,NULL),(3,4,'Address of demo user','234 543 45',0,'2015-03-11 11:14:30','2015-05-27 12:35:04',NULL,NULL);

/*Table structure for table `user_remember_tokens` */

DROP TABLE IF EXISTS `user_remember_tokens`;

CREATE TABLE `user_remember_tokens` (
  `id` int(10) unsigned NOT NULL AUTO_INCREMENT,
  `usersId` int(10) unsigned NOT NULL,
  `token` char(32) NOT NULL,
  `userAgent` varchar(120) NOT NULL,
  `createdAt` int(10) unsigned NOT NULL,
  PRIMARY KEY (`id`),
  KEY `token` (`token`)
) ENGINE=InnoDB AUTO_INCREMENT=2 DEFAULT CHARSET=utf8;

/*Data for the table `user_remember_tokens` */

insert  into `user_remember_tokens`(`id`,`usersId`,`token`,`userAgent`,`createdAt`) values (1,1,'cf78c9a98f1f399fbc57667520b44db5','Mozilla/5.0 (Windows NT 6.1; WOW64) AppleWebKit/537.36 (KHTML, like Gecko) Chrome/41.0.2272.101 Safari/537.36',1427291227);

/*Table structure for table `user_reset_passwords` */

DROP TABLE IF EXISTS `user_reset_passwords`;

CREATE TABLE `user_reset_passwords` (
  `id` int(10) unsigned NOT NULL AUTO_INCREMENT,
  `usersId` int(10) unsigned NOT NULL,
  `code` varchar(48) NOT NULL,
  `createdAt` int(10) unsigned NOT NULL,
  `modifiedAt` int(10) unsigned DEFAULT NULL,
  `reset` char(1) NOT NULL,
  PRIMARY KEY (`id`),
  KEY `usersId` (`usersId`)
) ENGINE=InnoDB AUTO_INCREMENT=3 DEFAULT CHARSET=utf8;

/*Data for the table `user_reset_passwords` */

insert  into `user_reset_passwords`(`id`,`usersId`,`code`,`createdAt`,`modifiedAt`,`reset`) values (1,1,'mBB8EfDNEFl4UIsp8Xh5w1YfVzTvpB',1423605078,NULL,'N'),(2,1,'EhgDF0AU5lVaUkaO614Oe57kH8aJvo6',1423605154,NULL,'N');

/*Table structure for table `user_success_logins` */

DROP TABLE IF EXISTS `user_success_logins`;

CREATE TABLE `user_success_logins` (
  `id` int(11) unsigned NOT NULL AUTO_INCREMENT,
  `usersId` int(10) unsigned NOT NULL,
  `ipAddress` char(15) NOT NULL,
  `userAgent` varchar(120) NOT NULL,
  PRIMARY KEY (`id`),
  KEY `usersId` (`usersId`)
) ENGINE=InnoDB AUTO_INCREMENT=31 DEFAULT CHARSET=utf8;

/*Data for the table `user_success_logins` */

insert  into `user_success_logins`(`id`,`usersId`,`ipAddress`,`userAgent`) values (1,1,'10.0.2.2','Mozilla/5.0 (Windows NT 6.1; WOW64) AppleWebKit/537.36 (KHTML, like Gecko) Chrome/40.0.2214.111 Safari/537.36'),(2,1,'10.0.2.2','Mozilla/5.0 (Windows NT 6.1; WOW64) AppleWebKit/537.36 (KHTML, like Gecko) Chrome/40.0.2214.111 Safari/537.36'),(3,1,'10.0.2.2','Mozilla/5.0 (Windows NT 6.1; WOW64) AppleWebKit/537.36 (KHTML, like Gecko) Chrome/40.0.2214.111 Safari/537.36'),(4,1,'10.0.2.2','Mozilla/5.0 (Windows NT 6.1; WOW64) AppleWebKit/537.36 (KHTML, like Gecko) Chrome/40.0.2214.111 Safari/537.36'),(5,1,'10.0.2.2','Mozilla/5.0 (Windows NT 6.1; WOW64) AppleWebKit/537.36 (KHTML, like Gecko) Chrome/40.0.2214.111 Safari/537.36'),(6,1,'10.0.2.2','Mozilla/5.0 (Windows NT 6.1; WOW64) AppleWebKit/537.36 (KHTML, like Gecko) Dragon/36.1.1.21 Chrome/36.0.1985.97 Safari/5'),(7,1,'10.0.2.2','Mozilla/5.0 (Windows NT 6.1; WOW64) AppleWebKit/537.36 (KHTML, like Gecko) Chrome/40.0.2214.111 Safari/537.36'),(8,1,'10.0.2.2','Mozilla/5.0 (Windows NT 6.1; WOW64) AppleWebKit/537.36 (KHTML, like Gecko) Chrome/40.0.2214.111 Safari/537.36'),(9,4,'10.0.2.2','Mozilla/5.0 (Windows NT 6.1; WOW64) AppleWebKit/537.36 (KHTML, like Gecko) Chrome/41.0.2272.101 Safari/537.36'),(10,4,'10.0.2.2','Mozilla/5.0 (Windows NT 6.1; WOW64) AppleWebKit/537.36 (KHTML, like Gecko) Chrome/41.0.2272.101 Safari/537.36'),(11,4,'10.0.2.2','Mozilla/5.0 (Windows NT 6.1; WOW64) AppleWebKit/537.36 (KHTML, like Gecko) Chrome/41.0.2272.101 Safari/537.36'),(12,1,'10.0.2.2','Mozilla/5.0 (Windows NT 6.1; WOW64) AppleWebKit/537.36 (KHTML, like Gecko) Chrome/41.0.2272.101 Safari/537.36'),(13,1,'10.0.2.2','Mozilla/5.0 (Windows NT 6.1; WOW64) AppleWebKit/537.36 (KHTML, like Gecko) Chrome/41.0.2272.101 Safari/537.36'),(14,1,'10.0.2.2','Mozilla/5.0 (Windows NT 6.1; WOW64) AppleWebKit/537.36 (KHTML, like Gecko) Chrome/41.0.2272.101 Safari/537.36'),(15,1,'10.0.2.2','Mozilla/5.0 (Windows NT 6.1; WOW64) AppleWebKit/537.36 (KHTML, like Gecko) Chrome/41.0.2272.118 Safari/537.36'),(16,1,'10.0.2.2','Mozilla/5.0 (Windows NT 6.1; WOW64) AppleWebKit/537.36 (KHTML, like Gecko) Chrome/41.0.2272.118 Safari/537.36'),(17,1,'10.0.2.2','Mozilla/5.0 (Windows NT 6.1; WOW64) AppleWebKit/537.36 (KHTML, like Gecko) Chrome/41.0.2272.118 Safari/537.36'),(18,1,'10.0.2.2','Mozilla/5.0 (Windows NT 6.1; WOW64) AppleWebKit/537.36 (KHTML, like Gecko) Chrome/41.0.2272.118 Safari/537.36'),(19,1,'10.0.2.2','Mozilla/5.0 (Windows NT 6.1; WOW64) AppleWebKit/537.36 (KHTML, like Gecko) Chrome/41.0.2272.118 Safari/537.36'),(20,1,'10.0.2.2','Mozilla/5.0 (Windows NT 6.1; WOW64) AppleWebKit/537.36 (KHTML, like Gecko) Chrome/41.0.2272.118 Safari/537.36'),(21,1,'10.0.2.2','Mozilla/5.0 (Windows NT 6.1; WOW64) AppleWebKit/537.36 (KHTML, like Gecko) Chrome/42.0.2311.90 Safari/537.36'),(22,1,'10.0.2.2','Mozilla/5.0 (Windows NT 6.1; WOW64) AppleWebKit/537.36 (KHTML, like Gecko) Chrome/43.0.2357.65 Safari/537.36'),(23,1,'10.0.2.2','Mozilla/5.0 (Windows NT 6.1; WOW64) AppleWebKit/537.36 (KHTML, like Gecko) Chrome/43.0.2357.65 Safari/537.36'),(24,3,'10.0.2.2','Mozilla/5.0 (Windows NT 6.1; WOW64) AppleWebKit/537.36 (KHTML, like Gecko) Chrome/43.0.2357.65 Safari/537.36'),(25,4,'10.0.2.2','Mozilla/5.0 (Windows NT 6.1; WOW64) AppleWebKit/537.36 (KHTML, like Gecko) Chrome/43.0.2357.65 Safari/537.36'),(26,1,'10.0.2.2','Mozilla/5.0 (Windows NT 6.1; WOW64) AppleWebKit/537.36 (KHTML, like Gecko) Chrome/43.0.2357.81 Safari/537.36'),(27,4,'10.0.2.2','Mozilla/5.0 (Windows NT 6.1; WOW64; rv:38.0) Gecko/20100101 Firefox/38.0'),(28,1,'10.0.2.2','Mozilla/5.0 (Windows NT 6.1; WOW64; rv:38.0) Gecko/20100101 Firefox/38.0'),(29,1,'10.0.2.2','Mozilla/5.0 (Windows NT 6.1; WOW64; rv:38.0) Gecko/20100101 Firefox/38.0'),(30,1,'10.0.2.2','Mozilla/5.0 (Windows NT 6.1; WOW64; rv:38.0) Gecko/20100101 Firefox/38.0');

/*Table structure for table `users` */

DROP TABLE IF EXISTS `users`;

CREATE TABLE `users` (
  `id` int(11) unsigned NOT NULL AUTO_INCREMENT,
  `name` varchar(255) NOT NULL,
  `password` varchar(60) NOT NULL,
  `email` varchar(100) NOT NULL,
  `mustChangePassword` enum('Y','N') NOT NULL DEFAULT 'Y',
  `confirmed` enum('Y','N') NOT NULL DEFAULT 'N',
  `banned` enum('Y','N') NOT NULL DEFAULT 'N',
  `role` enum('customer','moderator','editor','admin') NOT NULL DEFAULT 'customer',
  PRIMARY KEY (`id`),
  UNIQUE KEY `email` (`email`),
  KEY `status` (`confirmed`),
  KEY `banned` (`banned`)
) ENGINE=InnoDB AUTO_INCREMENT=5 DEFAULT CHARSET=utf8;

/*Data for the table `users` */

insert  into `users`(`id`,`name`,`password`,`email`,`mustChangePassword`,`confirmed`,`banned`,`role`) values (1,'Admin Adminovsky','$2a$08$oqA9pBqbFwyu6ZglGkQk.OAy5U0cJ9aBGnq2j358a5N/RrcvTfTSG','admin@example.com','N','Y','N','admin'),(3,'New user edited','$2a$08$XOsaLCMqeHokH98q3kMA8uveIUWm.o.OaJ3/Vb/0XCdku8VvVQ0tW','new_user@example.com','N','Y','N','editor'),(4,'Demo User','$2a$08$PXnlguMzPu3vF3bcLOOUne9R1wt5ZQmLvJ3qgqCNSM/QdpC8v9KNW','demo_user@example.com','N','Y','N','moderator');

/*!40101 SET SQL_MODE=@OLD_SQL_MODE */;
/*!40014 SET FOREIGN_KEY_CHECKS=@OLD_FOREIGN_KEY_CHECKS */;
/*!40014 SET UNIQUE_CHECKS=@OLD_UNIQUE_CHECKS */;
/*!40111 SET SQL_NOTES=@OLD_SQL_NOTES */;
